date,ALLSKY_SFC_SW_DWN,T2M,RH2M,WS2M
2020-01-01,1.867,9.96,76.92,2.9
2020-01-02,2.8478,10.59,86.79,2.69
2020-01-03,2.8622,9.89,88.67,1.98
2020-01-04,1.1796,12.18,81.78,4.2
2020-01-05,1.8739,12.76,79.54,4.59
2020-01-06,2.803,11.27,71.21,2.71
2020-01-07,2.8519,11.0,82.04,3.14
2020-01-08,0.8585,12.15,88.66,2.4
2020-01-09,2.2351,11.05,86.54,2.06
2020-01-10,1.9044,10.25,86.41,2.08
2020-01-11,2.1514,10.82,83.18,1.87
2020-01-12,2.22,11.36,82.8,1.64
2020-01-13,2.0945,10.56,81.97,2.04
2020-01-14,2.9976,10.26,80.24,1.44
2020-01-15,3.0559,9.43,82.26,1.95
2020-01-16,3.0478,9.6,77.71,1.11
2020-01-17,2.8762,9.59,81.72,1.87
2020-01-18,2.9659,11.79,80.07,3.88
2020-01-19,3.1426,10.58,75.7,3.59
2020-01-20,1.9968,12.56,80.7,5.61
2020-01-21,2.4658,14.87,78.04,8.04
2020-01-22,2.4859,13.92,79.5,5.96
2020-01-23,2.8543,13.06,86.58,4.42
2020-01-24,2.4108,12.98,82.5,2.44
2020-01-25,2.6342,11.47,80.32,1.45
2020-01-26,2.4348,10.65,80.38,3.28
2020-01-27,3.0286,11.83,89.85,3.05
2020-01-28,2.9021,11.02,80.04,3.01
2020-01-29,3.3922,13.8,83.39,4.5
2020-01-30,3.1627,13.53,87.83,2.05
2020-01-31,2.6856,12.85,83.64,1.88
2020-02-01,3.0996,13.1,87.51,2.95
2020-02-02,3.2045,13.87,88.53,4.35
2020-02-03,3.4908,15.26,81.34,5.91
2020-02-04,3.6593,15.03,75.32,6.99
2020-02-05,3.6552,12.58,58.9,7.64
2020-02-06,2.7914,10.95,56.43,5.28
2020-02-07,4.0802,10.19,62.87,1.68
2020-02-08,3.8878,10.7,73.35,2.24
2020-02-09,3.8734,12.42,66.86,1.52
2020-02-10,3.9216,12.52,74.97,2.81
2020-02-11,4.1203,13.59,74.97,4.3
2020-02-12,4.039,14.08,82.46,2.94
2020-02-13,3.4097,14.32,74.27,1.29
2020-02-14,3.4471,13.87,85.56,4.86
2020-02-15,3.6744,12.4,74.12,2.47
2020-02-16,4.4129,11.1,74.48,1.49
2020-02-17,4.3063,10.4,76.11,2.47
2020-02-18,3.624,11.72,83.11,3.86
2020-02-19,3.9454,12.26,72.62,5.74
2020-02-20,3.8282,12.78,74.78,4.25
2020-02-21,4.4969,12.13,81.26,3.2
2020-02-22,3.497,12.98,78.81,3.48
2020-02-23,4.487,12.78,79.64,1.93
2020-02-24,4.8686,12.71,81.53,4.0
2020-02-25,4.734,13.56,68.54,2.34
2020-02-26,3.5861,13.95,77.13,4.17
2020-02-27,3.7678,12.62,68.45,3.64
2020-02-28,4.475,13.36,76.79,4.05
2020-02-29,4.6303,15.04,68.65,2.18
2020-03-01,4.8535,14.98,65.79,2.62
2020-03-02,4.0282,16.07,74.27,3.75
2020-03-03,4.2893,13.24,70.7,5.34
2020-03-04,3.9866,13.4,70.99,7.93
2020-03-05,4.8432,14.93,78.15,2.26
2020-03-06,3.8424,14.9,74.51,4.44
2020-03-07,3.7241,11.78,77.44,6.0
2020-03-08,3.8755,12.18,74.12,5.13
2020-03-09,3.737,11.72,81.4,4.13
2020-03-10,3.4728,12.46,75.6,4.87
2020-03-11,2.6986,13.14,82.25,3.4
2020-03-12,5.5428,13.97,74.91,1.7
2020-03-13,5.4317,16.38,68.18,1.96
2020-03-14,4.913,15.12,77.92,3.66
2020-03-15,5.1523,13.86,81.4,2.97
2020-03-16,4.7477,14.4,80.75,4.23
2020-03-17,3.8215,14.14,84.14,4.5
2020-03-18,2.4617,13.36,75.62,3.15
2020-03-19,3.4582,13.22,75.05,3.28
2020-03-20,4.7954,14.51,77.23,5.1
2020-03-21,1.2691,14.3,84.96,5.24
2020-03-22,2.7185,14.09,83.1,3.0
2020-03-23,4.6186,13.63,82.81,2.46
2020-03-24,3.4109,12.18,80.01,4.03
2020-03-25,2.081,9.3,81.31,6.29
2020-03-26,4.9721,9.91,64.77,4.85
2020-03-27,4.8403,10.66,76.33,3.77
2020-03-28,4.9049,12.06,76.33,2.46
2020-03-29,1.8346,11.39,81.78,1.33
2020-03-30,4.7962,12.16,83.47,3.11
2020-03-31,5.2207,14.5,73.26,1.27
2020-04-01,4.3248,13.15,79.87,3.29
2020-04-02,4.3978,12.87,87.53,2.27
2020-04-03,2.526,12.28,91.2,2.36
2020-04-04,5.7187,13.12,76.87,3.57
2020-04-05,5.6244,13.2,74.49,2.79
2020-04-06,5.8342,13.33,72.32,1.81
2020-04-07,5.7631,13.97,77.08,1.95
2020-04-08,5.785,14.29,75.99,1.46
2020-04-09,6.0684,14.29,72.96,1.93
2020-04-10,6.0091,15.29,74.71,2.89
2020-04-11,5.5975,15.83,71.46,1.73
2020-04-12,6.3324,15.96,64.18,2.44
2020-04-13,5.3095,16.52,67.89,5.66
2020-04-14,5.681,17.06,79.69,3.52
2020-04-15,5.0705,17.46,75.16,3.18
2020-04-16,5.1362,18.79,76.06,2.67
2020-04-17,5.8882,21.0,72.82,2.5
2020-04-18,5.1998,20.12,79.99,2.0
2020-04-19,4.4616,19.39,75.78,3.44
2020-04-20,3.3413,18.32,81.95,4.71
2020-04-21,5.023,17.5,75.67,6.67
2020-04-22,3.2623,15.83,82.42,1.83
2020-04-23,6.0307,16.15,77.01,2.68
2020-04-24,4.3608,15.78,80.27,1.52
2020-04-25,4.4659,17.97,77.11,2.37
2020-04-26,4.4369,18.87,74.05,0.87
2020-04-27,5.1557,18.13,79.97,1.87
2020-04-28,5.5752,17.54,81.76,3.24
2020-04-29,3.7106,16.97,76.65,2.93
2020-04-30,7.0733,17.39,70.56,3.33
2020-05-01,7.5146,18.35,66.91,3.61
2020-05-02,7.0807,19.19,69.34,4.57
2020-05-03,7.5276,19.57,73.33,4.9
2020-05-04,7.7234,19.47,73.44,2.76
2020-05-05,7.0366,22.62,69.05,2.14
2020-05-06,7.3524,22.5,67.14,3.82
2020-05-07,7.0085,20.04,77.67,3.38
2020-05-08,6.845,20.01,72.02,5.48
2020-05-09,5.1382,21.22,70.21,4.41
2020-05-10,6.4164,21.69,72.24,4.12
2020-05-11,7.2799,20.09,65.32,3.43
2020-05-12,7.6526,22.06,56.27,4.05
2020-05-13,3.3202,23.04,62.91,3.04
2020-05-14,5.2846,23.55,62.56,4.24
2020-05-15,5.1746,19.57,68.06,2.24
2020-05-16,4.051,21.45,75.52,2.08
2020-05-17,3.4174,20.62,78.05,4.21
2020-05-18,6.3583,19.5,77.03,5.59
2020-05-19,5.7701,18.69,74.28,5.82
2020-05-20,7.2934,20.48,68.69,5.63
2020-05-21,6.8522,20.44,72.89,4.93
2020-05-22,7.9896,20.55,66.36,2.23
2020-05-23,7.7496,21.35,56.64,1.77
2020-05-24,8.1571,22.92,53.13,1.91
2020-05-25,7.0752,20.69,70.83,2.72
2020-05-26,7.1544,20.02,74.19,2.82
2020-05-27,6.8155,20.65,65.88,3.11
2020-05-28,7.9762,19.78,59.0,2.83
2020-05-29,7.3879,21.15,67.94,3.94
2020-05-30,6.5602,21.32,72.77,2.57
2020-05-31,7.571,20.2,71.55,2.44
2020-06-01,6.7982,20.74,62.21,2.67
2020-06-02,7.3032,21.46,63.14,1.94
2020-06-03,7.4381,22.39,57.85,2.16
2020-06-04,7.4594,25.49,54.87,3.63
2020-06-05,6.4025,21.29,68.93,6.54
2020-06-06,7.5974,22.37,64.02,3.9
2020-06-07,6.2522,22.66,73.33,3.9
2020-06-08,6.7193,22.61,70.14,3.3
2020-06-09,6.9763,20.95,70.57,4.15
2020-06-10,6.5945,20.35,63.25,2.47
2020-06-11,7.2658,22.28,60.91,2.4
2020-06-12,7.0555,25.83,63.58,3.0
2020-06-13,6.3739,23.15,77.0,3.55
2020-06-14,7.614,22.4,69.73,4.61
2020-06-15,7.8019,22.38,64.17,5.28
2020-06-16,7.5451,22.87,63.83,3.21
2020-06-17,7.2778,23.62,61.49,2.99
2020-06-18,7.3661,25.5,55.41,2.2
2020-06-19,6.9742,24.55,67.39,4.14
2020-06-20,8.2174,23.78,61.91,5.35
2020-06-21,7.2564,23.31,67.3,5.91
2020-06-22,7.212,23.58,64.82,5.04
2020-06-23,7.0764,24.27,66.52,2.95
2020-06-24,7.902,25.83,53.95,2.51
2020-06-25,7.7974,27.29,58.99,4.53
2020-06-26,7.2026,27.7,62.37,2.62
2020-06-27,6.5618,26.61,69.51,2.04
2020-06-28,7.3262,25.78,72.11,2.48
2020-06-29,7.8629,25.59,68.37,2.28
2020-06-30,7.8348,26.93,57.11,1.88
2020-07-01,7.6363,30.28,45.04,2.22
2020-07-02,7.8403,27.76,57.62,3.84
2020-07-03,7.6598,27.02,61.51,4.2
2020-07-04,7.3531,24.6,60.82,6.8
2020-07-05,7.6814,24.69,64.64,6.04
2020-07-06,7.3819,24.95,68.89,5.95
2020-07-07,8.1799,24.91,60.12,7.56
2020-07-08,7.7102,23.96,64.78,3.61
2020-07-09,7.2994,24.45,66.41,2.31
2020-07-10,7.3464,26.62,61.94,2.57
2020-07-11,7.2434,28.43,54.66,2.65
2020-07-12,7.824,28.3,54.14,2.01
2020-07-13,7.1664,27.61,62.52,2.77
2020-07-14,7.4597,26.67,63.67,2.55
2020-07-15,5.5954,24.56,73.05,2.16
2020-07-16,7.1681,25.35,62.46,3.72
2020-07-17,6.8189,24.42,64.05,4.96
2020-07-18,7.2458,24.66,64.59,4.72
2020-07-19,7.4592,24.92,67.32,3.05
2020-07-20,7.7069,26.76,56.35,2.19
2020-07-21,7.9234,26.08,52.98,3.0
2020-07-22,7.7791,26.35,58.24,2.5
2020-07-23,7.6735,28.42,50.59,2.29
2020-07-24,7.0992,29.35,46.82,2.18
2020-07-25,7.4194,28.21,57.41,3.53
2020-07-26,7.5413,29.3,46.89,1.88
2020-07-27,7.5902,29.85,43.52,2.35
2020-07-28,7.5658,29.62,43.61,2.36
2020-07-29,7.6642,30.22,47.86,2.36
2020-07-30,7.2739,30.87,41.72,2.66
2020-07-31,7.5586,32.02,38.45,2.69
2020-08-01,7.3666,32.58,37.79,2.21
2020-08-02,7.229,30.73,54.89,3.38
2020-08-03,6.9137,29.69,57.7,3.17
2020-08-04,5.789,27.56,53.99,5.27
2020-08-05,7.2046,26.01,50.93,5.51
2020-08-06,7.0771,25.95,59.54,3.6
2020-08-07,6.829,26.24,61.93,2.92
2020-08-08,6.6278,27.22,62.39,3.99
2020-08-09,6.8081,27.38,65.67,4.19
2020-08-10,6.6307,27.63,62.24,2.35
2020-08-11,7.0716,29.13,54.04,2.99
2020-08-12,7.085,30.46,51.0,4.17
2020-08-13,6.7822,32.44,45.36,2.73
2020-08-14,5.7053,33.49,39.76,2.99
2020-08-15,6.143,32.35,45.77,1.33
2020-08-16,6.0276,31.29,46.4,3.94
2020-08-17,6.355,29.38,57.83,2.37
2020-08-18,6.2902,28.24,59.44,2.37
2020-08-19,6.6797,28.76,57.4,1.93
2020-08-20,6.8186,30.01,51.47,3.64
2020-08-21,6.8342,30.98,57.28,5.01
2020-08-22,6.2112,30.39,61.22,3.45
2020-08-23,6.5126,28.49,66.21,5.76
2020-08-24,7.122,27.11,55.65,5.53
2020-08-25,6.6266,26.23,56.13,4.52
2020-08-26,6.9876,26.76,58.01,2.45
2020-08-27,6.6802,27.56,61.29,2.37
2020-08-28,6.636,30.09,46.19,2.55
2020-08-29,6.036,32.88,37.45,3.88
2020-08-30,5.9652,29.12,51.52,4.11
2020-08-31,4.9435,25.42,70.5,4.25
2020-09-01,6.4426,23.73,57.56,3.36
2020-09-02,4.2797,24.6,59.96,2.18
2020-09-03,4.5946,24.76,62.89,2.74
2020-09-04,4.758,24.71,65.51,2.76
2020-09-05,1.9766,25.44,73.84,2.2
2020-09-06,3.8938,25.0,80.79,1.96
2020-09-07,6.048,25.17,69.1,2.64
2020-09-08,5.845,25.8,68.31,1.95
2020-09-09,5.6659,27.29,73.14,2.98
2020-09-10,4.2271,26.03,76.25,2.46
2020-09-11,4.9181,23.94,73.48,2.66
2020-09-12,3.8734,23.71,75.78,2.99
2020-09-13,4.0838,23.56,78.99,2.22
2020-09-14,2.4902,23.57,79.13,1.85
2020-09-15,4.9255,24.55,74.79,2.55
2020-09-16,5.3285,24.5,75.89,3.65
2020-09-17,5.1581,24.67,72.22,3.35
2020-09-18,5.651,24.93,68.25,1.82
2020-09-19,5.3316,25.49,67.53,1.81
2020-09-20,4.8046,25.55,70.3,2.51
2020-09-21,3.4997,25.82,73.18,1.28
2020-09-22,3.8741,25.38,74.31,1.33
2020-09-23,3.8102,24.14,78.29,1.01
2020-09-24,4.1148,26.33,62.17,1.98
2020-09-25,4.5132,25.41,58.25,5.74
2020-09-26,3.2357,20.93,53.84,7.21
2020-09-27,4.6207,20.21,60.86,6.01
2020-09-28,5.1103,20.82,57.96,3.27
2020-09-29,5.3863,21.51,62.06,2.23
2020-09-30,5.0642,23.13,71.9,2.05
2020-10-01,4.2859,21.25,68.81,2.12
2020-10-02,4.7638,24.21,60.82,3.37
2020-10-03,3.4039,22.44,70.79,4.57
2020-10-04,4.6109,22.52,61.19,1.71
2020-10-05,2.9112,21.14,69.54,2.93
2020-10-06,4.9298,20.04,64.69,3.82
2020-10-07,3.9523,20.66,70.53,4.02
2020-10-08,4.5144,20.7,67.0,4.45
2020-10-09,4.7453,20.11,63.99,1.48
2020-10-10,4.6085,20.39,64.06,1.66
2020-10-11,3.2566,19.6,74.57,3.65
2020-10-12,3.4658,17.0,67.92,6.79
2020-10-13,3.3684,18.12,64.66,4.69
2020-10-14,4.6786,19.65,52.76,3.51
2020-10-15,4.1911,18.67,63.33,4.36
2020-10-16,3.8906,17.22,64.16,3.04
2020-10-17,4.3577,17.3,64.23,1.88
2020-10-18,3.6238,17.5,66.72,2.63
2020-10-19,4.0783,17.94,67.21,1.86
2020-10-20,4.3289,19.05,71.12,4.2
2020-10-21,4.3939,19.81,64.89,4.82
2020-10-22,3.9955,20.39,72.9,4.91
2020-10-23,3.972,21.61,74.53,3.47
2020-10-24,3.0266,19.49,82.67,3.97
2020-10-25,3.6816,18.87,73.43,2.6
2020-10-26,4.1314,19.23,63.17,2.83
2020-10-27,3.1322,17.48,64.13,5.32
2020-10-28,3.3206,17.68,68.91,4.07
2020-10-29,3.4411,18.36,74.56,3.91
2020-10-30,3.4123,18.15,76.83,3.83
2020-10-31,3.5873,17.71,80.73,1.66
2020-11-01,3.6684,17.39,75.59,1.31
2020-11-02,3.7078,17.57,73.71,1.36
2020-11-03,3.6874,18.09,70.49,1.47
2020-11-04,2.5337,18.26,80.76,1.63
2020-11-05,3.3936,18.23,79.91,1.83
2020-11-06,3.2371,18.3,83.23,2.06
2020-11-07,3.2945,18.09,78.4,2.83
2020-11-08,3.2371,19.18,76.13,1.95
2020-11-09,2.813,18.61,75.09,2.08
2020-11-10,3.5489,18.84,67.09,1.44
2020-11-11,3.1728,18.15,83.8,1.4
2020-11-12,3.229,18.25,73.96,2.24
2020-11-13,3.054,18.15,63.06,2.72
2020-11-14,3.2162,18.8,56.59,2.59
2020-11-15,2.5973,18.58,70.24,1.59
2020-11-16,2.9669,18.74,82.14,2.9
2020-11-17,2.5526,17.5,71.59,4.92
2020-11-18,2.6719,17.96,79.77,3.9
2020-11-19,1.9884,17.7,82.3,3.68
2020-11-20,2.8284,16.95,64.26,7.99
2020-11-21,1.9375,15.65,74.84,6.19
2020-11-22,1.5504,15.95,78.48,5.72
2020-11-23,2.0016,16.08,82.59,3.12
2020-11-24,1.7683,15.86,81.98,3.09
2020-11-25,2.8716,14.85,78.57,2.5
2020-11-26,3.0782,14.51,75.42,3.54
2020-11-27,1.7767,15.46,86.7,4.32
2020-11-28,1.7206,17.43,65.51,6.68
2020-11-29,1.6685,14.03,82.8,4.2
2020-11-30,2.4756,15.18,84.55,2.75
2020-12-01,2.8606,14.57,75.23,2.13
2020-12-02,2.5291,13.39,78.48,2.84
2020-12-03,2.1806,12.45,76.77,4.89
2020-12-04,3.035,11.83,69.27,3.7
2020-12-05,2.7096,12.71,73.19,5.02
2020-12-06,2.7317,10.6,83.77,5.5
2020-12-07,2.9808,10.82,75.4,4.52
2020-12-08,2.7466,13.07,70.92,6.02
2020-12-09,2.4672,11.84,77.49,5.7
2020-12-10,1.8034,11.11,80.13,4.76
2020-12-11,1.9714,13.56,77.11,4.61
2020-12-12,1.381,14.55,83.61,4.98
2020-12-13,2.3935,13.58,71.37,7.66
2020-12-14,2.8781,12.73,75.1,2.14
2020-12-15,2.7646,13.81,76.35,1.84
2020-12-16,2.6136,13.71,84.53,1.73
2020-12-17,2.1535,13.96,85.09,2.73
2020-12-18,1.3656,14.85,90.56,2.58
2020-12-19,1.339,14.94,88.64,2.32
2020-12-20,2.0374,13.32,90.01,1.37
2020-12-21,1.9574,13.58,90.18,2.63
2020-12-22,2.1374,13.24,89.5,2.46
2020-12-23,2.7835,12.99,79.5,1.77
2020-12-24,2.7955,12.62,74.69,2.24
2020-12-25,2.7962,12.44,82.09,3.16
2020-12-26,1.0634,10.87,74.67,6.52
2020-12-27,2.1938,9.62,80.2,5.18
2020-12-28,3.0072,10.16,68.33,4.61
2020-12-29,2.6705,11.29,80.3,3.27
2020-12-30,2.6472,10.45,81.15,4.42
2020-12-31,2.8517,10.56,74.41,3.19
2021-01-01,2.9568,8.08,70.52,3.85
2021-01-02,2.9462,8.62,67.67,3.47
2021-01-03,2.6287,7.83,74.15,3.74
2021-01-04,2.8769,7.82,76.04,3.68
2021-01-05,2.5102,7.39,66.75,3.13
2021-01-06,1.3678,9.37,68.57,2.01
2021-01-07,2.4888,13.52,77.38,2.76
2021-01-08,2.4262,13.71,89.8,2.44
2021-01-09,1.4489,16.48,78.88,2.63
2021-01-10,1.9277,14.05,85.51,3.22
2021-01-11,2.7571,12.01,75.03,1.89
2021-01-12,2.028,10.84,76.28,6.67
2021-01-13,1.5444,12.61,73.68,7.89
2021-01-14,2.4732,13.38,73.58,7.46
2021-01-15,2.4744,13.16,68.41,7.84
2021-01-16,2.0242,11.15,72.49,5.51
2021-01-17,2.5133,12.0,73.83,6.58
2021-01-18,2.3983,11.77,70.37,4.74
2021-01-19,3.2486,10.36,71.44,2.19
2021-01-20,3.2191,10.09,68.36,3.34
2021-01-21,2.1622,9.94,66.23,2.79
2021-01-22,2.6683,12.86,71.99,2.92
2021-01-23,2.8399,12.82,75.69,5.51
2021-01-24,2.2673,12.24,74.12,5.82
2021-01-25,2.1355,12.21,82.36,3.38
2021-01-26,3.103,11.79,69.06,6.5
2021-01-27,2.2476,11.84,78.51,4.29
2021-01-28,1.8463,14.43,87.42,5.19
2021-01-29,2.5217,15.21,79.31,4.53
2021-01-30,3.6034,15.53,76.17,3.44
2021-01-31,2.7226,13.73,75.96,5.77
2021-02-01,1.5329,12.9,84.94,4.78
2021-02-02,3.5705,13.45,83.34,4.6
2021-02-03,3.6137,14.68,75.8,2.09
2021-02-04,3.4147,14.64,66.07,2.09
2021-02-05,3.7474,15.12,59.13,2.65
2021-02-06,3.335,16.71,50.59,3.83
2021-02-07,0.8436,13.99,75.3,3.63
2021-02-08,3.6571,13.54,74.31,4.37
2021-02-09,4.0925,13.45,71.94,4.15
2021-02-10,3.4176,14.69,69.79,4.61
2021-02-11,3.6197,13.07,71.45,5.11
2021-02-12,4.0008,12.99,76.68,1.89
2021-02-13,2.1317,13.53,81.92,5.45
2021-02-14,2.3707,9.5,67.12,5.29
2021-02-15,2.8817,8.13,62.8,3.33
2021-02-16,4.3867,8.46,60.11,1.94
2021-02-17,4.2581,10.2,73.3,2.3
2021-02-18,4.3198,11.1,76.21,2.24
2021-02-19,4.3778,11.69,78.24,3.03
2021-02-20,4.3272,12.5,71.4,3.35
2021-02-21,3.4709,13.44,73.93,4.71
2021-02-22,3.2443,14.04,86.27,5.55
2021-02-23,3.5126,13.02,81.82,3.18
2021-02-24,4.6075,12.46,78.88,1.41
2021-02-25,3.895,12.42,80.84,1.04
2021-02-26,4.6222,11.95,74.42,1.4
2021-02-27,4.4393,12.0,78.57,1.51
2021-02-28,4.0543,13.16,77.3,1.96
2021-03-01,4.6874,12.49,78.13,3.57
2021-03-02,3.8513,13.22,83.84,4.04
2021-03-03,3.8582,12.85,78.75,3.68
2021-03-04,3.2681,13.49,82.62,3.5
2021-03-05,2.1499,12.97,82.68,1.87
2021-03-06,4.7496,13.55,78.74,1.66
2021-03-07,4.26,14.23,78.57,4.45
2021-03-08,3.7054,14.55,77.72,2.08
2021-03-09,2.7691,12.64,89.01,2.34
2021-03-10,4.6898,12.78,71.42,5.17
2021-03-11,5.179,12.49,69.24,3.02
2021-03-12,5.689,12.92,60.13,1.93
2021-03-13,4.5941,12.59,74.46,3.47
2021-03-14,5.3546,12.43,76.14,4.59
2021-03-15,5.4053,12.62,65.36,6.87
2021-03-16,4.0291,13.01,66.2,7.74
2021-03-17,3.8758,12.08,72.94,4.02
2021-03-18,4.7208,12.15,71.85,4.82
2021-03-19,2.3537,10.05,83.83,2.2
2021-03-20,1.4899,11.77,88.38,2.64
2021-03-21,2.2483,10.57,76.37,4.85
2021-03-22,4.6133,9.98,64.51,4.77
2021-03-23,4.9037,11.37,63.41,5.04
2021-03-24,5.304,11.58,73.75,2.52
2021-03-25,5.5159,12.36,79.24,2.02
2021-03-26,5.4686,13.2,72.74,1.9
2021-03-27,5.7708,15.1,63.86,1.89
2021-03-28,6.0509,14.71,81.18,2.15
2021-03-29,6.0422,14.52,80.27,2.04
2021-03-30,6.2585,13.73,77.77,2.0
2021-03-31,5.9035,14.67,77.08,1.54
2021-04-01,6.0252,15.86,69.51,2.38
2021-04-02,5.8829,16.69,75.9,1.96
2021-04-03,5.7631,16.51,78.77,2.07
2021-04-04,4.1904,15.93,78.63,3.01
2021-04-05,4.4722,14.58,80.89,2.56
2021-04-06,6.2285,14.94,71.05,4.1
2021-04-07,5.9909,13.81,68.39,5.03
2021-04-08,5.7708,11.65,59.05,3.14
2021-04-09,6.2321,13.32,67.01,5.57
2021-04-10,5.6676,15.56,67.59,6.43
2021-04-11,4.7621,15.8,77.17,5.32
2021-04-12,3.5712,16.06,80.82,2.95
2021-04-13,7.0951,13.75,64.1,5.07
2021-04-14,6.4392,14.4,65.22,2.44
2021-04-15,2.2226,13.47,87.63,3.74
2021-04-16,1.4554,14.04,85.46,4.47
2021-04-17,2.0767,12.59,85.04,3.06
2021-04-18,5.1089,11.77,73.23,4.59
2021-04-19,5.4698,12.97,68.45,4.19
2021-04-20,6.3509,14.8,66.48,2.26
2021-04-21,4.3469,15.98,75.32,3.14
2021-04-22,3.9634,17.29,82.14,1.88
2021-04-23,2.0028,15.55,88.67,1.78
2021-04-24,7.0906,15.34,77.87,2.95
2021-04-25,7.4542,16.7,70.5,3.5
2021-04-26,5.5994,19.74,68.67,5.56
2021-04-27,6.8712,18.38,72.78,2.45
2021-04-28,7.0219,19.31,64.27,1.95
2021-04-29,7.3702,19.62,70.53,1.71
2021-04-30,4.7074,22.37,67.27,2.68
2021-05-01,3.3334,19.86,76.91,3.11
2021-05-02,5.7372,17.68,74.59,2.48
2021-05-03,2.671,16.19,79.71,2.28
2021-05-04,4.89,19.81,73.11,2.36
2021-05-05,3.5232,18.25,85.37,1.93
2021-05-06,4.1638,17.36,77.46,1.02
2021-05-07,5.7538,18.14,74.6,2.52
2021-05-08,7.9601,18.89,70.68,2.9
2021-05-09,7.8842,20.87,62.68,3.78
2021-05-10,7.4774,21.45,58.82,5.22
2021-05-11,6.2688,18.99,74.29,4.2
2021-05-12,7.6483,17.75,63.33,3.92
2021-05-13,7.8696,18.83,60.42,2.77
2021-05-14,7.247,20.38,61.74,3.49
2021-05-15,7.7981,19.24,59.09,3.26
2021-05-16,8.0868,22.84,50.59,2.6
2021-05-17,8.0114,21.66,60.79,2.95
2021-05-18,7.4026,19.56,57.96,2.9
2021-05-19,7.7508,20.09,59.24,3.42
2021-05-20,7.7789,18.46,60.43,5.72
2021-05-21,7.9279,19.94,58.45,3.6
2021-05-22,7.0968,23.77,54.75,3.6
2021-05-23,7.2874,24.33,57.96,3.78
2021-05-24,7.6416,21.52,67.37,5.31
2021-05-25,7.4671,19.15,71.0,4.02
2021-05-26,5.1744,20.62,60.89,1.72
2021-05-27,6.2335,23.1,65.77,2.29
2021-05-28,5.951,21.79,66.45,3.55
2021-05-29,6.7435,22.73,60.7,1.67
2021-05-30,7.7426,22.0,62.93,3.45
2021-05-31,6.7363,22.11,61.33,2.67
2021-06-01,3.3703,21.63,73.08,3.19
2021-06-02,6.4236,22.53,71.04,5.42
2021-06-03,6.4404,23.95,67.58,5.23
2021-06-04,7.3073,24.29,64.77,4.23
2021-06-05,6.3434,24.21,59.41,3.41
2021-06-06,6.5431,24.57,59.47,4.27
2021-06-07,7.5379,22.5,67.83,4.7
2021-06-08,8.1857,22.34,62.78,3.85
2021-06-09,7.5514,21.97,69.73,4.41
2021-06-10,6.9094,22.73,71.41,3.54
2021-06-11,7.1614,23.49,63.29,2.44
2021-06-12,7.4532,23.8,58.14,1.8
2021-06-13,7.7057,24.69,55.47,2.01
2021-06-14,8.0657,25.98,48.06,1.71
2021-06-15,7.8718,26.09,53.16,2.12
2021-06-16,7.8674,26.84,52.54,4.26
2021-06-17,6.7025,27.11,58.41,4.72
2021-06-18,6.2837,27.33,57.2,3.28
2021-06-19,7.3358,30.09,48.57,3.23
2021-06-20,5.7542,31.21,41.34,3.15
2021-06-21,6.9509,29.26,54.45,4.0
2021-06-22,6.954,25.68,59.53,2.99
2021-06-23,5.1331,25.46,62.18,2.49
2021-06-24,6.414,25.77,67.46,1.44
2021-06-25,4.6447,28.19,59.42,1.83
2021-06-26,4.8382,27.98,56.69,2.95
2021-06-27,4.8029,31.09,41.61,2.87
2021-06-28,5.1552,27.63,66.14,2.43
2021-06-29,4.7083,28.66,57.66,2.11
2021-06-30,5.0546,29.72,50.18,2.74
2021-07-01,7.1395,27.16,59.22,2.69
2021-07-02,7.5936,28.44,49.85,1.65
2021-07-03,7.4935,30.53,45.16,1.47
2021-07-04,7.6032,29.92,43.95,2.72
2021-07-05,7.4354,27.2,62.49,4.18
2021-07-06,7.5742,30.23,44.82,3.31
2021-07-07,7.5653,31.09,46.77,2.79
2021-07-08,7.0627,28.69,62.03,3.22
2021-07-09,6.5707,27.64,63.44,3.25
2021-07-10,7.566,26.98,56.71,3.27
2021-07-11,7.6318,27.82,51.29,3.07
2021-07-12,7.2984,32.69,34.75,2.09
2021-07-13,6.157,29.08,52.45,4.05
2021-07-14,7.2094,25.33,50.04,4.49
2021-07-15,7.4633,25.78,54.89,3.02
2021-07-16,7.0776,25.8,56.21,4.87
2021-07-17,6.6922,25.56,60.48,7.03
2021-07-18,7.117,26.03,60.15,6.69
2021-07-19,7.117,26.27,66.09,4.88
2021-07-20,6.8827,26.98,66.2,2.96
2021-07-21,7.5506,27.5,58.17,2.27
2021-07-22,7.1275,28.67,49.77,1.43
2021-07-23,7.7638,30.18,38.97,2.37
2021-07-24,7.4294,31.42,36.73,3.95
2021-07-25,7.1177,33.17,35.23,5.26
2021-07-26,7.471,33.0,38.24,5.57
2021-07-27,6.9161,31.31,41.25,4.03
2021-07-28,7.4294,31.63,34.96,5.44
2021-07-29,7.1225,33.09,32.79,2.69
2021-07-30,6.8479,31.61,47.79,2.08
2021-07-31,6.4639,34.84,32.79,1.57
2021-08-01,7.0238,31.4,47.6,3.19
2021-08-02,6.9533,28.12,58.82,3.69
2021-08-03,6.6545,30.9,54.04,3.56
2021-08-04,6.8122,31.9,45.91,3.71
2021-08-05,6.8554,28.75,51.28,3.49
2021-08-06,7.3603,30.47,42.76,2.11
2021-08-07,7.1981,33.5,40.08,4.68
2021-08-08,6.7241,31.72,54.36,2.36
2021-08-09,6.679,35.51,44.11,3.76
2021-08-10,6.6763,37.57,24.49,3.12
2021-08-11,6.3694,34.53,38.74,2.11
2021-08-12,6.3343,31.99,49.72,2.01
2021-08-13,6.4925,33.13,45.42,2.17
2021-08-14,6.7474,32.11,50.01,1.81
2021-08-15,6.0624,31.7,48.46,1.75
2021-08-16,6.6996,32.94,39.76,1.99
2021-08-17,6.2719,29.49,54.62,4.73
2021-08-18,6.2448,27.57,55.38,5.51
2021-08-19,6.2143,27.35,56.8,3.25
2021-08-20,6.1238,28.71,58.92,2.33
2021-08-21,6.223,28.21,59.59,2.09
2021-08-22,6.4178,27.7,63.38,2.04
2021-08-23,6.7356,29.34,48.42,2.01
2021-08-24,6.1327,30.21,45.44,2.04
2021-08-25,5.4974,30.45,52.57,1.89
2021-08-26,5.495,28.62,60.02,3.46
2021-08-27,6.4368,27.69,55.66,2.81
2021-08-28,5.718,29.04,49.19,2.31
2021-08-29,5.4113,26.23,63.5,3.86
2021-08-30,5.9052,26.46,59.64,2.14
2021-08-31,5.9515,28.16,62.78,2.14
2021-09-01,5.2428,29.57,60.96,3.32
2021-09-02,5.2973,29.14,65.93,4.32
2021-09-03,4.5098,30.11,65.07,3.1
2021-09-04,5.1082,28.23,70.27,2.41
2021-09-05,5.5615,26.67,68.6,3.27
2021-09-06,5.7432,25.94,67.74,2.81
2021-09-07,5.4818,25.77,65.29,2.95
2021-09-08,4.482,25.87,60.21,3.18
2021-09-09,4.9291,26.82,66.81,3.7
2021-09-10,4.1844,26.87,70.35,2.47
2021-09-11,5.4516,26.19,69.3,5.61
2021-09-12,5.274,25.37,65.48,3.03
2021-09-13,5.6218,25.23,60.58,1.88
2021-09-14,5.346,26.45,60.35,2.98
2021-09-15,4.8518,28.05,61.0,4.31
2021-09-16,5.1866,29.48,49.95,3.77
2021-09-17,4.1155,30.18,42.33,2.03
2021-09-18,4.6613,29.27,57.25,1.52
2021-09-19,5.2037,26.78,67.38,3.1
2021-09-20,3.0552,24.04,67.23,2.35
2021-09-21,2.844,26.19,61.24,2.65
2021-09-22,4.3174,26.32,70.21,2.18
2021-09-23,4.3202,26.61,70.6,3.35
2021-09-24,4.3003,29.53,55.58,3.35
2021-09-25,4.7707,28.75,52.5,3.81
2021-09-26,4.0997,28.54,62.94,3.11
2021-09-27,3.865,26.06,71.45,3.89
2021-09-28,4.8994,24.53,65.4,3.65
2021-09-29,5.2901,23.89,67.98,4.18
2021-09-30,4.9102,24.06,63.01,4.6
2021-10-01,4.5828,23.17,57.86,2.73
2021-10-02,4.5468,23.63,57.88,1.53
2021-10-03,4.7093,25.81,60.56,4.46
2021-10-04,4.4513,26.84,61.04,3.99
2021-10-05,2.6086,23.72,73.05,2.36
2021-10-06,3.7889,23.05,64.19,4.22
2021-10-07,4.0822,21.19,57.04,7.78
2021-10-08,3.5947,21.16,60.14,4.83
2021-10-09,3.4118,20.4,68.89,2.54
2021-10-10,3.241,19.13,70.17,3.09
2021-10-11,3.4411,19.52,62.51,3.5
2021-10-12,4.3032,19.68,64.36,2.94
2021-10-13,3.6722,19.22,69.16,5.0
2021-10-14,4.0642,17.61,67.51,4.83
2021-10-15,4.3622,16.97,61.52,5.06
2021-10-16,4.159,18.34,69.63,2.19
2021-10-17,4.2722,18.68,77.3,2.13
2021-10-18,3.5926,18.15,76.31,1.74
2021-10-19,3.4656,19.26,70.95,2.22
2021-10-20,3.8035,19.35,73.96,3.27
2021-10-21,4.061,20.77,66.75,3.9
2021-10-22,3.0374,21.73,63.9,2.75
2021-10-23,2.7806,21.41,78.42,1.89
2021-10-24,1.9476,20.42,87.18,3.93
2021-10-25,2.5193,20.03,88.05,3.55
2021-10-26,2.8606,19.33,83.14,4.22
2021-10-27,1.5907,18.55,81.05,2.43
2021-10-28,2.598,17.51,81.36,1.67
2021-10-29,3.6257,17.78,79.21,2.12
2021-10-30,2.5464,18.72,74.88,1.45
2021-10-31,2.2973,20.06,74.22,2.92
2021-11-01,2.6239,21.97,79.48,4.93
2021-11-02,2.8646,21.26,78.36,2.6
2021-11-03,3.3655,21.78,66.04,4.15
2021-11-04,2.8241,18.21,72.85,2.53
2021-11-05,1.921,17.75,74.52,1.55
2021-11-06,1.5084,18.71,77.42,1.87
2021-11-07,3.749,16.53,66.63,3.13
2021-11-08,3.366,15.56,71.91,2.66
2021-11-09,1.4606,15.37,73.48,3.05
2021-11-10,3.523,16.22,66.16,2.94
2021-11-11,3.3535,15.64,68.57,2.26
2021-11-12,3.5369,16.51,61.03,2.33
2021-11-13,3.4284,16.13,55.66,1.96
2021-11-14,3.355,16.28,74.85,3.3
2021-11-15,2.9918,16.76,73.44,2.4
2021-11-16,2.3482,16.14,72.53,1.86
2021-11-17,2.9789,14.99,79.95,2.68
2021-11-18,2.9453,15.87,81.22,2.22
2021-11-19,2.7835,15.77,84.58,2.14
2021-11-20,3.079,15.56,83.39,1.6
2021-11-21,2.1305,15.27,76.66,2.27
2021-11-22,2.875,15.36,78.19,3.64
2021-11-23,3.119,15.47,77.25,2.71
2021-11-24,2.9729,15.73,69.55,2.51
2021-11-25,1.8019,13.74,76.4,2.05
2021-11-26,2.8678,13.62,74.18,3.92
2021-11-27,3.013,13.65,68.9,4.54
2021-11-28,2.1062,12.03,72.38,5.5
2021-11-29,1.5269,10.59,70.52,8.63
2021-11-30,2.1922,12.25,67.19,4.74
2021-12-01,2.5356,11.75,75.42,2.72
2021-12-02,3.042,12.23,71.96,3.74
2021-12-03,1.1568,11.67,75.29,6.35
2021-12-04,1.9733,12.57,75.35,5.22
2021-12-05,2.6335,12.16,79.1,4.98
2021-12-06,1.5511,11.31,70.44,8.69
2021-12-07,2.459,13.59,74.73,6.76
2021-12-08,2.8553,13.33,76.46,3.46
2021-12-09,1.8518,11.85,75.24,5.64
2021-12-10,1.1933,13.18,80.04,6.61
2021-12-11,2.3873,12.39,67.19,8.93
2021-12-12,2.6647,12.04,70.46,4.55
2021-12-13,2.6664,11.71,71.11,3.37
2021-12-14,2.802,10.99,87.82,2.66
2021-12-15,2.4775,11.57,88.04,1.69
2021-12-16,2.2171,11.81,86.99,1.99
2021-12-17,2.5442,11.0,79.43,1.15
2021-12-18,2.4022,11.18,82.91,1.85
2021-12-19,2.6112,11.87,67.82,1.07
2021-12-20,2.8658,9.63,79.75,2.37
2021-12-21,2.0129,12.39,80.73,1.84
2021-12-22,2.6628,12.0,74.24,1.29
2021-12-23,2.1986,12.47,85.01,1.59
2021-12-24,2.6429,12.8,76.31,3.49
2021-12-25,1.8286,12.9,79.55,2.6
2021-12-26,1.8468,13.54,81.08,2.24
2021-12-27,1.891,14.51,87.83,4.26
2021-12-28,2.3894,15.38,87.79,5.51
2021-12-29,2.401,15.96,80.87,7.26
2021-12-30,2.0472,15.43,85.17,6.25
2021-12-31,2.3758,13.66,91.69,2.46
2022-01-01,2.6736,12.25,90.66,2.91
2022-01-02,1.7587,11.51,91.21,2.14
2022-01-03,2.8006,11.44,89.34,2.75
2022-01-04,2.8685,12.28,69.63,1.91
2022-01-05,2.922,11.91,65.94,4.92
2022-01-06,1.985,10.42,79.61,3.71
2022-01-07,2.7185,10.11,84.04,4.68
2022-01-08,2.2673,11.99,72.52,8.03
2022-01-09,1.709,12.69,72.94,6.36
2022-01-10,0.9372,12.08,71.56,7.63
2022-01-11,1.4035,11.21,70.43,6.17
2022-01-12,2.8176,10.48,71.35,4.98
2022-01-13,1.5283,9.44,85.32,2.6
2022-01-14,2.0772,9.48,75.56,2.51
2022-01-15,2.9794,10.52,79.55,3.55
2022-01-16,2.3167,11.2,77.4,3.79
2022-01-17,2.9011,11.96,74.63,4.43
2022-01-18,2.8126,10.9,78.48,2.92
2022-01-19,3.1082,11.05,70.31,0.98
2022-01-20,3.1906,8.8,77.48,2.12
2022-01-21,2.8728,9.42,84.35,3.16
2022-01-22,2.3724,10.4,81.85,2.78
2022-01-23,3.3734,10.29,68.51,1.28
2022-01-24,3.5364,9.26,70.92,1.43
2022-01-25,2.0074,10.21,76.15,1.32
2022-01-26,3.4925,8.86,75.35,1.38
2022-01-27,3.5405,8.73,69.53,1.57
2022-01-28,3.654,9.62,77.22,3.05
2022-01-29,3.049,11.21,74.35,3.54
2022-01-30,3.4735,10.4,85.42,3.79
2022-01-31,3.8455,11.7,79.45,5.52
2022-02-01,2.9354,12.44,64.84,8.33
2022-02-02,2.0736,11.92,80.09,6.97
2022-02-03,3.7423,13.23,76.5,2.85
2022-02-04,3.9089,12.26,69.61,3.37
2022-02-05,3.726,12.84,81.78,3.85
2022-02-06,3.3972,11.8,82.79,3.19
2022-02-07,3.8107,12.33,76.22,6.33
2022-02-08,3.9792,12.24,61.33,3.25
2022-02-09,4.2278,10.8,57.5,1.68
2022-02-10,4.3344,9.94,62.47,2.21
2022-02-11,4.1611,10.87,72.25,1.69
2022-02-12,3.0497,10.75,86.85,2.68
2022-02-13,3.9487,11.48,76.75,1.51
2022-02-14,3.3442,12.24,69.8,3.43
2022-02-15,2.5166,11.9,74.64,4.06
2022-02-16,2.9779,12.09,73.38,5.68
2022-02-17,2.0844,13.98,81.56,6.33
2022-02-18,4.2509,14.56,81.03,3.87
2022-02-19,3.138,13.94,75.96,2.51
2022-02-20,3.936,13.38,76.82,5.41
2022-02-21,4.6111,13.12,72.51,5.86
2022-02-22,4.315,12.82,70.23,7.85
2022-02-23,4.7467,12.46,74.8,3.87
2022-02-24,4.7599,11.86,75.18,2.28
2022-02-25,4.4011,11.78,81.39,2.76
2022-02-26,3.2592,12.17,75.23,4.17
2022-02-27,4.3601,10.45,58.91,3.05
2022-02-28,2.3302,9.55,66.73,1.69
2022-03-01,3.8088,10.2,70.22,3.64
2022-03-02,4.0824,10.95,68.03,1.51
2022-03-03,3.8002,10.86,76.61,2.31
2022-03-04,3.9221,11.57,77.19,1.48
2022-03-05,2.3146,11.15,80.49,2.82
2022-03-06,3.9857,11.33,71.97,1.44
2022-03-07,3.1183,10.41,78.89,1.83
2022-03-08,4.7928,10.58,67.95,2.63
2022-03-09,3.7428,9.92,70.79,2.87
2022-03-10,5.4684,10.64,68.57,1.73
2022-03-11,4.98,12.98,75.37,3.25
2022-03-12,2.1881,12.6,83.64,3.82
2022-03-13,5.2058,14.16,76.77,3.26
2022-03-14,3.9494,14.82,79.13,5.49
2022-03-15,3.8522,14.87,75.87,6.66
2022-03-16,3.7253,14.63,75.87,5.89
2022-03-17,3.3108,14.56,78.01,6.26
2022-03-18,1.6987,14.35,83.76,4.76
2022-03-19,1.2307,13.57,90.08,5.67
2022-03-20,1.7426,12.11,78.01,5.32
2022-03-21,3.0173,10.91,81.12,2.8
2022-03-22,2.6093,10.11,79.4,3.44
2022-03-23,4.271,10.89,73.03,3.35
2022-03-24,5.9076,12.09,68.17,4.77
2022-03-25,3.8587,12.88,75.05,5.44
2022-03-26,4.1153,14.53,79.16,6.18
2022-03-27,3.3643,14.23,86.76,2.43
2022-03-28,4.5521,14.4,83.91,2.13
2022-03-29,4.8386,16.54,74.95,3.0
2022-03-30,2.3011,17.78,78.67,2.87
2022-03-31,4.4378,15.11,81.96,3.71
2022-04-01,5.5637,13.7,72.45,5.78
2022-04-02,5.713,11.21,65.06,5.73
2022-04-03,3.9634,11.01,61.86,2.09
2022-04-04,3.1042,13.42,72.59,3.4
2022-04-05,3.3192,14.44,78.1,3.26
2022-04-06,3.329,15.61,77.16,5.82
2022-04-07,5.8094,14.99,71.61,6.3
2022-04-08,6.7702,16.36,62.79,2.91
2022-04-09,5.9899,16.14,64.75,4.31
2022-04-10,6.9324,13.78,63.21,4.01
2022-04-11,6.7075,14.7,65.9,4.86
2022-04-12,5.9258,16.15,69.5,6.55
2022-04-13,4.381,15.71,73.78,5.97
2022-04-14,3.073,15.72,82.61,5.81
2022-04-15,2.0489,15.16,84.4,3.02
2022-04-16,4.0464,14.96,81.34,4.27
2022-04-17,5.0134,15.23,77.81,4.66
2022-04-18,6.0226,14.26,59.71,3.87
2022-04-19,6.9564,17.25,56.95,2.03
2022-04-20,3.4123,18.93,59.19,3.29
2022-04-21,3.4716,15.59,79.44,3.88
2022-04-22,5.8848,15.32,73.13,4.98
2022-04-23,6.9348,19.34,61.33,4.14
2022-04-24,6.4298,17.56,67.25,2.27
2022-04-25,6.6098,17.63,62.93,1.54
2022-04-26,6.8062,18.28,55.64,2.46
2022-04-27,5.5534,18.34,56.97,2.24
2022-04-28,1.6416,16.5,75.05,1.77
2022-04-29,4.3296,16.36,78.17,2.49
2022-04-30,3.9343,15.97,70.88,2.03
2022-05-01,7.0399,16.77,71.8,3.42
2022-05-02,6.7433,17.58,69.88,3.22
2022-05-03,6.1678,19.44,65.96,1.91
2022-05-04,6.827,20.16,63.64,4.45
2022-05-05,4.8502,20.68,65.79,6.2
2022-05-06,5.5291,17.24,73.63,8.41
2022-05-07,3.0958,16.76,82.58,5.8
2022-05-08,5.0537,17.32,81.19,4.57
2022-05-09,4.8218,17.14,81.71,2.48
2022-05-10,6.0588,16.91,80.97,2.22
2022-05-11,7.3044,17.86,74.83,1.81
2022-05-12,7.53,19.08,61.86,1.63
2022-05-13,7.8194,20.78,52.07,2.2
2022-05-14,8.2195,21.11,52.94,1.75
2022-05-15,7.4357,22.6,58.78,2.16
2022-05-16,7.645,22.44,59.91,1.92
2022-05-17,7.7621,22.61,50.97,2.01
2022-05-18,7.8727,22.13,59.17,2.23
2022-05-19,7.3954,22.27,69.88,2.53
2022-05-20,7.8694,22.55,63.87,2.93
2022-05-21,8.5082,23.23,50.67,2.31
2022-05-22,7.9327,24.56,42.43,1.65
2022-05-23,8.0467,26.79,42.87,2.25
2022-05-24,7.5043,26.89,48.88,1.32
2022-05-25,5.2769,23.88,66.36,2.28
2022-05-26,4.5593,21.73,74.69,3.14
2022-05-27,6.4452,21.38,70.06,4.62
2022-05-28,4.085,21.45,75.41,5.9
2022-05-29,7.7909,24.53,50.18,4.22
2022-05-30,7.1002,26.06,49.33,2.19
2022-05-31,7.4573,26.55,58.35,2.39
2022-06-01,6.8174,28.85,56.26,2.2
2022-06-02,6.9218,26.85,54.15,1.97
2022-06-03,7.2713,30.62,38.8,3.74
2022-06-04,7.8502,30.99,34.22,3.88
2022-06-05,7.685,28.07,49.51,3.52
2022-06-06,7.4417,26.79,50.78,2.94
2022-06-07,7.3462,26.89,49.45,3.14
2022-06-08,7.687,26.06,56.46,2.85
2022-06-09,6.9106,24.1,58.74,6.48
2022-06-10,7.5804,22.94,59.43,6.98
2022-06-11,7.8079,23.44,63.74,4.88
2022-06-12,7.6594,24.71,60.0,3.88
2022-06-13,7.9546,25.58,55.38,3.29
2022-06-14,8.2015,27.47,41.52,2.46
2022-06-15,7.782,28.24,40.6,1.9
2022-06-16,7.9399,28.5,41.71,2.12
2022-06-17,7.8773,29.36,39.82,1.75
2022-06-18,7.8533,26.55,60.61,2.73
2022-06-19,7.0462,26.76,60.84,3.23
2022-06-20,8.0419,27.62,57.27,4.26
2022-06-21,7.5751,29.96,39.38,4.22
2022-06-22,7.5475,31.09,32.36,3.3
2022-06-23,8.0935,30.39,42.35,1.82
2022-06-24,7.98,29.26,53.1,1.75
2022-06-25,7.548,30.81,44.43,3.57
2022-06-26,7.5072,32.82,35.99,4.73
2022-06-27,7.8938,34.13,35.3,3.06
2022-06-28,7.1945,28.47,63.34,4.31
2022-06-29,7.1849,27.61,58.62,3.31
2022-06-30,5.2315,29.84,56.46,2.31
2022-07-01,6.5251,31.7,54.06,2.36
2022-07-02,7.3951,28.3,66.21,2.9
2022-07-03,6.7874,28.44,57.62,2.1
2022-07-04,7.7724,30.53,43.36,1.83
2022-07-05,7.2029,31.01,46.14,2.16
2022-07-06,6.9982,31.21,48.75,2.71
2022-07-07,6.9581,30.35,49.67,3.88
2022-07-08,6.8674,26.72,59.03,6.27
2022-07-09,6.6787,26.6,61.29,4.24
2022-07-10,6.9766,26.62,56.16,3.03
2022-07-11,7.2372,26.66,55.31,2.83
2022-07-12,8.0618,28.1,53.52,4.24
2022-07-13,6.8539,29.16,53.54,3.3
2022-07-14,6.4169,27.71,56.27,2.18
2022-07-15,7.8902,27.91,54.82,1.94
2022-07-16,8.0263,28.74,47.64,2.14
2022-07-17,8.149,30.46,39.7,2.49
2022-07-18,7.6906,30.82,39.3,3.38
2022-07-19,7.6507,31.58,40.73,4.1
2022-07-20,7.5221,31.56,41.11,3.96
2022-07-21,6.9384,31.11,48.04,2.39
2022-07-22,7.5485,30.88,44.21,2.32
2022-07-23,6.811,31.4,42.82,2.58
2022-07-24,7.404,31.82,37.94,2.05
2022-07-25,7.2449,31.68,38.33,2.51
2022-07-26,7.219,31.9,40.28,2.71
2022-07-27,6.9542,30.2,57.23,4.3
2022-07-28,6.7529,30.19,59.11,3.02
2022-07-29,7.1069,31.15,55.86,1.9
2022-07-30,6.8635,31.19,51.56,3.24
2022-07-31,7.0937,29.51,57.32,4.48
2022-08-01,6.6624,29.35,57.06,2.21
2022-08-02,6.7658,28.79,59.54,2.38
2022-08-03,6.6348,29.45,56.33,2.37
2022-08-04,6.5393,30.57,52.45,2.94
2022-08-05,6.9499,31.72,43.92,3.07
2022-08-06,6.2602,30.0,60.19,2.67
2022-08-07,6.6293,29.89,61.38,4.37
2022-08-08,6.1183,29.96,62.16,3.73
2022-08-09,6.3458,29.12,63.1,3.05
2022-08-10,6.3871,28.78,62.39,2.89
2022-08-11,6.4934,28.63,61.16,2.26
2022-08-12,6.9444,28.81,56.12,2.67
2022-08-13,6.9646,30.64,45.79,2.46
2022-08-14,6.5839,31.49,41.46,2.25
2022-08-15,5.6962,32.41,41.63,2.71
2022-08-16,5.7413,32.73,42.67,3.82
2022-08-17,6.1754,35.44,37.68,5.12
2022-08-18,5.3446,31.04,54.83,4.43
2022-08-19,5.9328,28.27,54.53,6.47
2022-08-20,6.6953,28.16,53.72,6.18
2022-08-21,6.5642,27.62,58.9,5.83
2022-08-22,5.5867,28.03,60.1,5.31
2022-08-23,6.5395,27.4,59.55,5.09
2022-08-24,6.4426,27.41,59.58,2.87
2022-08-25,6.1956,27.26,60.56,2.64
2022-08-26,6.4771,27.84,59.2,2.68
2022-08-27,6.0259,29.27,55.01,1.58
2022-08-28,6.0509,29.21,60.66,2.04
2022-08-29,5.9772,28.15,62.57,1.84
2022-08-30,6.4145,29.34,57.04,2.27
2022-08-31,4.487,27.75,56.11,3.15
2022-09-01,6.1394,28.47,60.67,3.07
2022-09-02,5.491,30.06,56.77,2.19
2022-09-03,5.3986,31.43,51.99,3.12
2022-09-04,4.9594,31.2,45.17,2.39
2022-09-05,5.5349,32.64,46.42,3.34
2022-09-06,5.1768,30.76,60.4,2.63
2022-09-07,5.3938,30.29,56.26,2.7
2022-09-08,5.5625,31.5,46.65,3.2
2022-09-09,5.4427,29.77,56.01,2.06
2022-09-10,5.8574,28.35,61.27,2.66
2022-09-11,6.3859,28.48,56.52,2.62
2022-09-12,6.119,28.11,56.41,2.27
2022-09-13,5.8625,29.27,56.94,3.48
2022-09-14,5.7281,31.82,53.35,4.84
2022-09-15,5.4998,31.43,51.79,3.97
2022-09-16,5.359,29.29,66.75,2.42
2022-09-17,4.2019,26.57,68.02,4.17
2022-09-18,5.352,25.29,55.33,2.58
2022-09-19,5.1019,27.56,60.65,2.72
2022-09-20,5.1187,26.13,61.01,3.91
2022-09-21,5.1262,24.32,62.67,3.94
2022-09-22,1.7071,23.29,63.58,1.1
2022-09-23,4.6718,22.45,64.35,2.27
2022-09-24,5.569,23.85,55.43,4.23
2022-09-25,4.9978,25.08,61.8,3.72
2022-09-26,2.6952,24.41,72.85,3.54
2022-09-27,3.7082,23.46,67.0,4.5
2022-09-28,4.6848,22.4,65.17,4.02
2022-09-29,5.3328,23.34,57.06,3.54
2022-09-30,4.9162,23.69,65.22,2.59
2022-10-01,5.0834,21.98,65.17,4.67
2022-10-02,5.0402,22.23,65.63,3.65
2022-10-03,4.9584,22.93,70.72,2.97
2022-10-04,4.9063,22.71,76.9,2.42
2022-10-05,4.5972,23.65,71.06,2.11
2022-10-06,4.3853,24.64,67.45,3.1
2022-10-07,4.4741,23.68,62.25,2.7
2022-10-08,4.3846,24.56,60.59,1.91
2022-10-09,3.005,24.34,61.65,1.5
2022-10-10,4.4366,24.86,60.13,1.74
2022-10-11,3.8698,24.33,69.7,2.37
2022-10-12,3.0878,24.0,77.19,3.68
2022-10-13,2.7754,22.16,80.52,3.57
2022-10-14,3.6869,22.64,69.44,5.25
2022-10-15,4.1762,22.99,72.91,3.18
2022-10-16,4.2859,23.26,72.2,3.62
2022-10-17,4.1088,23.5,76.72,3.84
2022-10-18,4.4558,23.18,73.3,2.28
2022-10-19,4.5372,22.15,65.0,1.57
2022-10-20,4.2706,21.6,62.79,2.01
2022-10-21,4.193,22.67,59.33,4.54
2022-10-22,4.4059,23.74,56.08,3.39
2022-10-23,4.5509,23.63,47.09,2.96
2022-10-24,4.062,24.71,38.03,1.93
2022-10-25,3.9646,24.28,41.74,1.57
2022-10-26,4.043,22.91,38.0,2.1
2022-10-27,3.8767,22.73,36.16,2.71
2022-10-28,3.9972,22.25,49.25,1.71
2022-10-29,3.701,21.71,69.39,2.06
2022-10-30,3.6571,21.96,72.16,3.07
2022-10-31,3.9542,21.23,70.42,2.74
2022-11-01,3.8976,20.83,56.57,2.15
2022-11-02,3.103,20.89,50.4,1.76
2022-11-03,3.0874,22.89,37.65,3.17
2022-11-04,2.4391,21.1,67.32,4.54
2022-11-05,2.5296,17.54,66.89,8.27
2022-11-06,3.0986,18.19,66.62,5.29
2022-11-07,3.4834,17.33,71.0,1.64
2022-11-08,3.5825,18.5,60.78,2.47
2022-11-09,3.2515,20.2,58.73,1.7
2022-11-10,3.2354,19.19,76.9,2.0
2022-11-11,2.8858,18.56,84.97,1.7
2022-11-12,3.0605,19.21,72.32,1.54
2022-11-13,2.759,17.36,77.7,1.12
2022-11-14,2.815,18.36,74.38,1.87
2022-11-15,2.8238,19.28,63.59,1.59
2022-11-16,2.9654,18.96,77.11,3.18
2022-11-17,2.5601,19.31,80.12,4.76
2022-11-18,2.9282,19.7,79.22,3.95
2022-11-19,1.7808,17.51,70.19,5.49
2022-11-20,2.1547,15.51,68.12,7.26
2022-11-21,3.1567,16.22,60.24,5.0
2022-11-22,2.173,15.42,57.99,8.11
2022-11-23,1.6078,17.75,76.59,7.41
2022-11-24,2.827,17.35,79.19,4.75
2022-11-25,2.8776,17.31,77.88,1.36
2022-11-26,1.6284,16.11,75.46,7.7
2022-11-27,1.6754,15.81,70.02,6.44
2022-11-28,2.687,14.46,66.39,2.35
2022-11-29,2.0153,14.35,73.65,3.69
2022-11-30,2.1362,13.81,75.41,5.0
2022-12-01,2.6472,13.92,73.3,2.27
2022-12-02,2.0537,13.57,61.1,4.27
2022-12-03,2.2594,13.95,69.53,2.33
2022-12-04,2.8735,13.69,57.5,2.12
2022-12-05,2.9436,14.31,59.05,2.51
2022-12-06,1.9874,16.06,62.85,3.18
2022-12-07,2.7043,16.08,83.92,2.86
2022-12-08,2.5368,15.92,74.09,2.64
2022-12-09,1.5614,18.48,67.56,3.85
2022-12-10,2.0402,17.85,75.23,5.41
2022-12-11,2.0482,15.97,75.91,4.37
2022-12-12,2.13,15.84,83.5,3.78
2022-12-13,2.3784,18.11,77.51,5.04
2022-12-14,2.6335,18.9,73.67,4.24
2022-12-15,2.3126,19.28,64.68,2.89
2022-12-16,2.1202,16.13,78.22,2.59
2022-12-17,2.4919,15.01,78.44,2.1
2022-12-18,2.6827,14.4,85.45,1.91
2022-12-19,2.6842,14.08,84.53,1.47
2022-12-20,2.802,12.69,73.77,1.73
2022-12-21,2.6551,13.58,75.79,2.18
2022-12-22,2.0609,15.31,87.36,4.25
2022-12-23,2.527,15.87,86.81,5.52
2022-12-24,2.7002,16.39,75.46,4.58
2022-12-25,2.7542,17.93,52.8,2.14
2022-12-26,2.8718,16.82,53.36,1.59
2022-12-27,2.9066,15.68,65.06,2.36
2022-12-28,2.9722,14.01,77.75,1.95
2022-12-29,2.3489,13.14,62.97,1.73
2022-12-30,2.8032,14.01,77.09,2.1
2022-12-31,2.8394,13.89,58.95,1.98
2023-01-01,2.7914,13.57,56.71,2.84
2023-01-02,3.0146,13.68,55.81,4.68
2023-01-03,2.9602,12.61,64.79,1.9
2023-01-04,2.8246,12.63,87.47,2.69
2023-01-05,2.3362,12.93,87.2,2.1
2023-01-06,2.5092,12.83,84.85,2.72
2023-01-07,1.8581,12.9,79.75,2.1
2023-01-08,3.1392,11.86,63.99,2.13
2023-01-09,2.2591,14.36,69.67,4.51
2023-01-10,2.2898,14.39,64.57,7.79
2023-01-11,2.453,13.54,73.57,4.16
2023-01-12,2.7362,14.25,75.32,5.44
2023-01-13,2.0393,14.69,73.55,4.69
2023-01-14,2.7293,14.69,72.02,5.34
2023-01-15,3.0715,13.38,72.81,2.34
2023-01-16,3.0204,13.5,73.77,5.06
2023-01-17,1.8677,14.74,62.04,4.62
2023-01-18,2.5354,12.8,72.34,5.37
2023-01-19,2.1252,9.44,76.77,5.51
2023-01-20,2.0652,9.74,68.91,7.38
2023-01-21,1.8156,8.9,68.48,5.97
2023-01-22,2.7322,7.88,81.13,4.33
2023-01-23,3.3242,8.21,76.27,3.39
2023-01-24,2.9561,8.11,54.73,2.93
2023-01-25,2.1494,7.41,66.56,1.85
2023-01-26,2.8397,7.98,87.18,3.39
2023-01-27,2.6467,10.31,78.31,4.38
2023-01-28,3.0144,9.55,76.62,3.45
2023-01-29,2.9491,9.32,85.62,2.57
2023-01-30,3.0828,9.91,81.81,2.68
2023-01-31,2.7948,11.59,74.34,4.98
2023-02-01,2.2188,11.23,78.05,2.28
2023-02-02,1.5406,11.82,77.07,2.99
2023-02-03,3.4315,11.96,76.03,1.74
2023-02-04,3.7298,11.48,79.59,4.06
2023-02-05,3.0775,12.99,71.0,2.7
2023-02-06,2.2272,11.21,80.14,3.08
2023-02-07,1.3171,10.08,87.13,5.01
2023-02-08,0.996,8.94,88.1,6.16
2023-02-09,2.406,9.82,76.39,4.25
2023-02-10,1.2456,10.42,78.83,5.87
2023-02-11,3.6178,10.28,74.19,2.33
2023-02-12,3.6499,9.78,64.63,1.47
2023-02-13,3.4087,11.11,72.94,2.51
2023-02-14,3.8839,10.78,71.43,1.25
2023-02-15,4.4417,10.1,72.31,1.44
2023-02-16,3.6787,11.18,78.13,1.9
2023-02-17,3.6607,11.43,74.45,1.23
2023-02-18,4.0634,12.32,73.94,0.99
2023-02-19,4.6507,11.95,73.49,1.8
2023-02-20,4.6728,13.16,72.62,1.68
2023-02-21,4.4918,14.08,55.51,1.75
2023-02-22,3.8594,14.41,67.89,1.42
2023-02-23,4.1225,14.47,71.2,2.03
2023-02-24,3.313,17.14,58.92,3.19
2023-02-25,1.9913,14.48,64.63,4.09
2023-02-26,3.9955,12.56,65.93,4.38
2023-02-27,4.6272,12.44,61.73,2.29
2023-02-28,3.0394,10.0,64.02,3.62
2023-03-01,3.7519,10.22,72.98,6.04
2023-03-02,3.9874,11.49,66.7,2.73
2023-03-03,3.9804,9.97,83.56,4.75
2023-03-04,4.061,10.8,83.51,3.75
2023-03-05,4.6733,11.22,74.58,3.83
2023-03-06,2.1977,9.99,79.18,3.7
2023-03-07,5.0275,13.83,70.65,3.32
2023-03-08,5.2526,15.23,70.08,3.53
2023-03-09,4.9939,17.19,66.47,2.75
2023-03-10,4.9798,17.0,74.95,5.66
2023-03-11,4.8182,17.0,70.1,7.4
2023-03-12,5.4785,16.47,73.17,6.69
2023-03-13,5.8946,16.28,66.97,2.69
2023-03-14,4.6337,15.67,64.71,5.3
2023-03-15,4.8689,14.35,67.75,7.48
2023-03-16,5.1607,13.54,67.28,3.46
2023-03-17,5.6942,13.57,64.01,3.47
2023-03-18,5.4547,15.68,71.77,2.6
2023-03-19,3.0794,14.57,78.4,2.14
2023-03-20,3.8201,14.53,77.21,1.92
2023-03-21,4.8062,13.73,78.06,3.56
2023-03-22,4.6534,13.96,81.01,2.64
2023-03-23,5.7086,14.09,78.18,2.22
2023-03-24,5.9988,16.63,63.59,2.01
2023-03-25,5.9263,17.24,65.67,3.7
2023-03-26,5.849,18.09,55.66,2.96
2023-03-27,6.3785,16.36,67.39,5.9
2023-03-28,6.1603,14.46,61.93,4.4
2023-03-29,5.8692,15.03,60.6,2.43
2023-03-30,5.976,18.2,50.03,2.63
2023-03-31,5.5704,18.79,52.44,3.13
2023-04-01,4.4035,17.08,64.95,3.67
2023-04-02,2.976,13.11,76.32,5.65
2023-04-03,4.4318,14.5,75.03,7.46
2023-04-04,4.7563,14.62,68.28,3.9
2023-04-05,4.7719,12.3,71.99,4.18
2023-04-06,6.1145,12.93,64.72,2.88
2023-04-07,5.7761,13.27,57.0,1.41
2023-04-08,6.0317,14.56,56.4,1.5
2023-04-09,6.5004,14.18,69.1,3.06
2023-04-10,6.0823,14.44,63.22,2.71
2023-04-11,6.2947,15.47,64.65,2.57
2023-04-12,6.3322,18.92,48.68,2.65
2023-04-13,5.459,17.07,58.1,4.87
2023-04-14,4.9788,16.33,60.07,4.94
2023-04-15,5.2339,16.59,63.8,3.66
2023-04-16,5.5834,15.78,67.69,6.49
2023-04-17,6.1625,16.22,62.24,4.71
2023-04-18,6.5851,15.84,67.12,2.11
2023-04-19,6.666,17.45,67.85,2.81
2023-04-20,4.3406,18.51,70.3,3.08
2023-04-21,6.0766,17.5,72.17,2.8
2023-04-22,7.2456,17.19,64.57,2.19
2023-04-23,6.3984,17.91,63.07,2.31
2023-04-24,6.3737,19.57,63.18,2.25
2023-04-25,5.815,19.44,63.7,2.4
2023-04-26,6.9516,20.07,62.56,3.38
2023-04-27,7.1986,20.24,56.97,2.17
2023-04-28,6.593,22.78,50.82,2.9
2023-04-29,6.3394,24.95,45.75,2.31
2023-04-30,3.8016,21.46,70.16,4.35
2023-05-01,4.8826,19.29,70.67,5.68
2023-05-02,6.4589,18.21,65.6,6.71
2023-05-03,6.0876,18.39,71.25,4.38
2023-05-04,7.4179,18.85,73.1,2.7
2023-05-05,6.9958,19.32,62.75,1.92
2023-05-06,7.219,21.33,61.26,3.57
2023-05-07,3.5251,21.97,74.12,2.86
2023-05-08,1.3315,19.59,79.0,3.17
2023-05-09,3.7222,18.57,79.54,3.58
2023-05-10,5.545,19.61,71.31,4.1
2023-05-11,6.486,19.09,64.31,3.07
2023-05-12,5.2133,19.16,75.37,3.57
2023-05-13,3.9557,19.4,83.17,2.47
2023-05-14,3.5585,17.26,75.79,4.55
2023-05-15,2.053,16.74,79.4,6.14
2023-05-16,6.1409,18.62,67.33,7.51
2023-05-17,7.1263,18.38,65.66,4.45
2023-05-18,5.1583,18.34,68.47,2.58
2023-05-19,3.6228,17.93,81.78,3.54
2023-05-20,3.9833,18.22,82.96,5.58
2023-05-21,5.3158,18.27,78.73,5.69
2023-05-22,5.8423,19.38,78.77,2.73
2023-05-23,6.5671,20.39,72.53,3.47
2023-05-24,5.19,19.49,75.41,3.37
2023-05-25,3.3451,19.08,75.66,2.32
2023-05-26,6.1322,19.26,79.3,2.74
2023-05-27,7.9066,21.37,63.31,2.22
2023-05-28,7.7741,22.45,58.67,1.79
2023-05-29,4.1868,20.12,77.59,1.82
2023-05-30,5.1372,19.86,76.59,1.48
2023-05-31,4.8334,19.77,77.21,2.12
2023-06-01,4.9142,20.32,73.47,1.41
2023-06-02,6.5045,21.45,68.08,1.86
2023-06-03,6.737,22.33,66.74,2.37
2023-06-04,4.4369,20.61,81.55,2.68
2023-06-05,4.626,20.51,79.46,2.98
2023-06-06,3.2647,20.9,76.42,2.55
2023-06-07,6.5844,22.55,69.84,2.73
2023-06-08,5.5152,24.19,69.68,2.39
2023-06-09,5.4216,23.3,78.68,2.71
2023-06-10,3.3358,23.13,81.26,1.08
2023-06-11,7.3805,23.5,73.01,3.59
2023-06-12,8.2459,24.27,67.53,2.51
2023-06-13,5.0693,24.96,69.38,1.74
2023-06-14,3.3281,22.29,84.43,2.55
2023-06-15,6.5839,23.03,75.8,5.41
2023-06-16,7.6298,23.3,72.48,5.09
2023-06-17,7.6644,23.25,70.15,2.79
2023-06-18,8.0626,25.02,59.7,4.2
2023-06-19,7.2408,27.22,54.73,5.03
2023-06-20,7.9039,27.8,48.64,5.37
2023-06-21,7.9241,28.14,43.7,5.18
2023-06-22,8.1403,29.33,44.13,2.97
2023-06-23,7.6428,27.1,60.51,3.98
2023-06-24,7.1251,25.68,65.79,4.34
2023-06-25,7.7983,25.04,69.05,3.39
2023-06-26,8.0686,26.23,63.2,3.6
2023-06-27,7.8986,26.93,67.93,3.81
2023-06-28,7.675,26.88,60.57,3.29
2023-06-29,6.5962,27.01,57.73,1.68
2023-06-30,6.3991,27.4,65.44,2.11
2023-07-01,7.0068,25.31,66.82,5.28
2023-07-02,7.6298,25.54,63.91,5.62
2023-07-03,7.9649,26.25,60.58,3.87
2023-07-04,8.1149,26.36,61.64,2.97
2023-07-05,7.7969,27.79,53.97,1.9
2023-07-06,7.6615,30.51,47.2,3.36
2023-07-07,6.9698,33.14,44.96,4.31
2023-07-08,6.5374,33.41,41.85,2.63
2023-07-09,6.888,32.41,48.18,2.39
2023-07-10,7.0639,30.58,52.65,2.59
2023-07-11,7.6046,32.54,50.34,2.11
2023-07-12,7.89,33.87,39.12,4.16
2023-07-13,7.542,33.43,38.38,3.55
2023-07-14,7.4822,32.15,50.21,1.61
2023-07-15,7.7904,33.84,35.68,2.47
2023-07-16,7.2696,33.57,40.8,2.74
2023-07-17,7.5425,32.85,56.09,1.78
2023-07-18,7.3392,33.51,44.08,1.85
2023-07-19,7.2674,35.44,35.34,1.52
2023-07-20,7.3788,32.93,47.16,3.07
2023-07-21,7.3116,34.98,37.98,2.53
2023-07-22,7.1753,34.42,49.83,2.2
2023-07-23,7.5,36.66,37.83,2.85
2023-07-24,7.603,38.47,19.32,4.3
2023-07-25,6.2868,33.65,34.9,5.88
2023-07-26,7.0476,28.3,53.29,5.68
2023-07-27,7.4566,27.79,51.81,4.51
2023-07-28,6.7637,31.61,54.41,3.77
2023-07-29,6.6079,31.66,58.22,2.79
2023-07-30,6.9214,30.35,59.53,2.41
2023-07-31,7.4837,29.56,59.89,4.08
2023-08-01,7.3262,28.85,57.21,4.71
2023-08-02,6.9838,29.25,56.39,2.71
2023-08-03,7.2175,31.77,48.4,1.92
2023-08-04,5.125,28.13,60.77,4.85
2023-08-05,6.895,25.72,54.42,8.36
2023-08-06,6.6672,26.38,54.65,6.73
2023-08-07,6.8731,25.28,54.44,6.41
2023-08-08,7.3661,24.84,52.11,3.25
2023-08-09,7.5547,25.51,48.99,2.52
2023-08-10,7.183,26.31,60.83,2.96
2023-08-11,6.7006,27.89,55.06,2.48
2023-08-12,6.911,27.67,57.83,2.35
2023-08-13,6.6115,27.55,54.63,2.29
2023-08-14,7.2161,27.98,49.7,2.77
2023-08-15,6.7078,29.07,55.43,3.54
2023-08-16,6.9852,28.84,52.84,2.82
2023-08-17,6.7116,29.72,47.0,2.78
2023-08-18,6.3122,31.92,38.28,2.02
2023-08-19,6.0168,29.27,60.16,2.64
2023-08-20,6.0574,28.5,67.37,3.59
2023-08-21,5.7607,28.98,69.02,3.1
2023-08-22,5.7389,28.98,69.71,2.91
2023-08-23,5.5886,29.27,66.61,2.73
2023-08-24,5.2699,30.06,53.64,2.06
2023-08-25,5.7821,31.47,45.78,3.32
2023-08-26,6.0943,31.28,48.89,2.57
2023-08-27,5.8903,33.41,43.89,3.55
2023-08-28,4.5924,26.25,54.26,7.21
2023-08-29,6.0182,25.8,56.82,5.27
2023-08-30,5.5409,26.18,54.73,2.03
2023-08-31,5.274,25.52,55.68,2.45
2023-09-01,6.6936,26.19,48.47,2.61
2023-09-02,5.7886,27.73,56.1,4.91
2023-09-03,5.1797,28.26,60.16,4.13
2023-09-04,5.8092,26.56,66.82,3.54
2023-09-05,5.8987,25.43,63.24,3.83
2023-09-06,5.6705,25.31,63.42,3.93
2023-09-07,5.0345,25.25,63.0,3.94
2023-09-08,5.4761,25.65,64.75,3.12
2023-09-09,5.4302,25.5,65.99,2.64
2023-09-10,5.5361,26.3,62.82,2.1
2023-09-11,6.299,26.31,63.04,1.93
2023-09-12,6.1373,27.19,57.36,3.13
2023-09-13,5.7559,28.8,53.91,2.57
2023-09-14,5.3582,29.27,50.38,2.18
2023-09-15,5.3714,29.72,48.39,3.82
2023-09-16,4.8185,30.64,46.9,4.18
2023-09-17,5.0698,31.37,41.07,4.48
2023-09-18,4.7446,30.14,47.02,4.16
2023-09-19,4.7741,30.59,46.6,1.54
2023-09-20,3.6247,30.15,53.29,2.2
2023-09-21,5.3275,29.7,45.76,2.47
2023-09-22,5.2267,28.61,62.19,2.45
2023-09-23,4.1527,24.65,64.31,6.06
2023-09-24,4.9836,23.43,54.95,5.66
2023-09-25,5.0477,22.6,59.27,3.76
2023-09-26,4.1369,23.37,62.84,4.55
2023-09-27,5.1298,24.22,66.94,3.91
2023-09-28,4.7112,23.87,68.71,3.48
2023-09-29,4.705,23.75,68.96,2.74
2023-09-30,4.6015,23.82,69.98,2.45
2023-10-01,4.4861,24.0,72.47,2.25
2023-10-02,5.0282,23.72,67.55,1.94
2023-10-03,4.5718,23.99,64.51,1.81
2023-10-04,5.1586,24.61,58.83,1.88
2023-10-05,4.613,23.77,71.07,3.79
2023-10-06,4.3987,22.91,71.82,2.8
2023-10-07,4.1832,22.74,69.29,1.88
2023-10-08,4.1412,23.24,67.69,2.03
2023-10-09,4.4364,23.1,71.89,1.85
2023-10-10,4.3423,23.61,63.35,1.49
2023-10-11,4.4582,24.43,53.85,1.45
2023-10-12,4.8372,24.41,50.53,1.6
2023-10-13,4.7794,24.75,44.84,1.65
2023-10-14,4.6752,25.29,35.99,1.54
2023-10-15,4.2528,24.74,52.54,3.14
2023-10-16,4.1971,25.54,51.48,1.97
2023-10-17,3.7363,25.8,42.08,2.39
2023-10-18,3.8498,27.59,31.55,2.25
2023-10-19,4.1974,27.12,35.25,2.57
2023-10-20,2.4665,25.74,44.57,5.3
2023-10-21,3.8959,22.51,59.53,4.26
2023-10-22,3.3319,23.19,56.91,3.86
2023-10-23,3.8856,25.24,68.77,3.61
2023-10-24,2.8814,24.16,65.21,3.21
2023-10-25,2.8476,22.47,66.29,3.36
2023-10-26,3.6557,22.63,69.37,3.87
2023-10-27,3.93,22.65,69.98,4.05
2023-10-28,3.2407,23.34,71.78,2.82
2023-10-29,2.4518,25.14,57.62,5.04
2023-10-30,2.4343,25.9,58.18,5.68
2023-10-31,3.4286,22.33,72.46,3.19
2023-11-01,1.5374,21.45,73.72,3.72
2023-11-02,3.623,22.92,60.92,3.17
2023-11-03,2.3606,21.59,54.41,6.96
2023-11-04,3.348,19.74,54.7,4.43
2023-11-05,3.6833,20.35,61.88,4.49
2023-11-06,3.1858,20.64,72.6,2.61
2023-11-07,2.6726,19.95,81.15,2.95
2023-11-08,3.0758,18.01,66.91,3.91
2023-11-09,2.3954,17.85,63.63,2.29
2023-11-10,2.1583,18.12,71.39,3.53
2023-11-11,3.1522,19.87,67.37,4.13
2023-11-12,3.0305,20.24,75.32,5.15
2023-11-13,3.4176,19.61,80.45,3.33
2023-11-14,3.594,19.34,75.06,2.36
2023-11-15,3.4505,19.17,80.21,4.3
2023-11-16,3.3127,18.99,72.07,2.98
2023-11-17,3.1025,18.67,82.14,4.09
2023-11-18,2.7384,17.65,67.23,5.04
2023-11-19,3.0353,17.38,74.16,2.04
2023-11-20,3.4049,18.5,59.95,1.88
2023-11-21,2.7773,17.95,79.71,4.74
2023-11-22,1.8624,15.74,71.47,4.14
2023-11-23,1.5547,16.44,81.49,4.63
2023-11-24,2.2598,15.26,78.14,2.71
2023-11-25,2.6695,16.3,59.37,9.41
2023-11-26,2.6722,14.53,64.4,4.32
2023-11-27,2.8716,13.7,68.0,1.97
2023-11-28,2.4259,16.21,77.71,5.43
2023-11-29,1.973,16.49,81.01,3.12
2023-11-30,2.7809,17.66,62.75,3.35
2023-12-01,1.8242,16.79,51.01,3.83
2023-12-02,1.6387,16.32,59.82,5.16
2023-12-03,2.5702,14.63,67.78,4.56
2023-12-04,2.9124,14.31,65.11,2.82
2023-12-05,1.7114,14.69,72.98,5.11
2023-12-06,0.9574,13.16,76.86,1.4
2023-12-07,2.1823,13.32,79.05,3.23
2023-12-08,1.4057,12.43,82.75,4.02
2023-12-09,2.1943,15.13,80.89,5.53
2023-12-10,2.8164,15.83,82.09,6.0
2023-12-11,2.7163,16.66,85.9,3.08
2023-12-12,2.8126,16.75,71.9,2.47
2023-12-13,2.3213,16.8,71.0,3.26
2023-12-14,1.2914,14.57,80.57,5.18
2023-12-15,2.1708,14.32,73.12,6.67
2023-12-16,1.819,13.21,71.94,4.42
2023-12-17,1.715,13.45,75.16,3.64
2023-12-18,1.4633,14.14,92.26,4.29
2023-12-19,1.8007,13.8,86.1,2.71
2023-12-20,2.5373,13.73,79.12,5.16
2023-12-21,1.3774,14.32,76.44,7.38
2023-12-22,1.9519,15.29,78.53,9.57
2023-12-23,2.6378,15.08,75.35,8.77
2023-12-24,2.8018,14.29,83.85,4.95
2023-12-25,2.7845,13.49,85.11,3.02
2023-12-26,2.8841,12.12,85.42,1.69
2023-12-27,2.1646,12.17,83.47,1.57
2023-12-28,2.6846,12.12,79.21,2.74
2023-12-29,2.5908,12.8,84.26,1.65
2023-12-30,1.6486,12.21,86.33,1.61
2023-12-31,2.6412,12.82,89.97,1.85
2024-01-01,2.2829,13.04,75.25,1.86
2024-01-02,2.634,12.87,86.04,2.6
2024-01-03,2.6815,12.25,75.53,2.87
2024-01-04,2.8718,13.43,76.99,2.9
2024-01-05,2.4365,13.19,70.53,1.71
2024-01-06,1.3469,11.58,81.75,7.12
2024-01-07,2.0148,11.47,71.79,6.86
2024-01-08,2.2106,10.51,73.12,7.33
2024-01-09,2.5603,10.59,68.12,4.68
2024-01-10,1.0308,8.92,77.89,3.1
2024-01-11,2.028,11.23,89.34,3.62
2024-01-12,1.9591,12.61,83.07,5.17
2024-01-13,2.9868,11.47,80.01,3.37
2024-01-14,2.8848,10.46,79.47,2.59
2024-01-15,2.9443,13.88,74.44,4.99
2024-01-16,2.9585,15.06,81.35,3.82
2024-01-17,2.9621,15.94,67.57,3.15
2024-01-18,3.1692,15.16,70.17,3.47
2024-01-19,1.8497,14.3,79.31,1.87
2024-01-20,1.8173,13.68,89.57,3.43
2024-01-21,1.8326,10.05,71.79,3.6
2024-01-22,1.9402,9.85,75.58,2.71
2024-01-23,2.4876,12.66,78.27,5.77
2024-01-24,2.7886,13.55,81.11,4.31
2024-01-25,3.4013,15.08,87.15,6.17
2024-01-26,3.4025,15.12,86.86,4.65
2024-01-27,2.6657,14.56,89.5,3.77
2024-01-28,2.6974,12.51,84.09,2.14
2024-01-29,3.3986,11.8,79.86,2.07
2024-01-30,3.607,10.58,80.3,1.92
2024-01-31,3.5916,10.03,75.64,1.54
2024-02-01,2.8363,10.76,78.66,2.6
2024-02-02,1.4926,12.44,87.99,3.07
2024-02-03,3.6079,12.48,83.01,2.77
2024-02-04,3.9398,11.93,87.36,3.7
2024-02-05,3.995,12.58,81.39,2.55
2024-02-06,3.9996,14.31,67.86,1.42
2024-02-07,3.7438,12.98,74.91,4.24
2024-02-08,3.8609,14.0,72.47,3.15
2024-02-09,2.653,14.94,51.32,4.21
2024-02-10,1.367,14.34,72.75,4.81
2024-02-11,3.5381,11.99,78.13,5.81
2024-02-12,2.7854,13.16,76.49,3.51
2024-02-13,3.503,14.02,79.29,5.51
2024-02-14,4.213,12.45,82.41,3.35
2024-02-15,4.5175,12.41,75.39,2.59
2024-02-16,2.5344,13.34,84.4,2.19
2024-02-17,1.6726,12.99,91.45,1.62
2024-02-18,3.8009,13.39,85.71,1.49
2024-02-19,3.2009,13.34,85.96,4.35
2024-02-20,2.1372,13.59,85.44,4.31
2024-02-21,3.1798,12.65,83.87,3.26
2024-02-22,4.5372,12.16,75.93,2.64
2024-02-23,2.503,13.83,73.35,3.61
2024-02-24,2.9042,12.2,70.42,2.22
2024-02-25,4.2017,11.52,74.92,5.41
2024-02-26,3.7536,13.72,69.27,2.51
2024-02-27,1.9944,12.82,76.97,2.38
2024-02-28,3.9221,11.77,82.94,3.59
2024-02-29,2.4461,11.66,80.93,2.72
2024-03-01,2.5416,12.14,82.63,4.83
2024-03-02,4.7143,13.49,71.0,2.82
2024-03-03,4.5696,12.88,68.76,3.94
2024-03-04,4.3279,12.22,69.17,6.33
2024-03-05,3.989,13.68,72.53,4.96
2024-03-06,5.3465,12.71,71.81,2.55
2024-03-07,4.926,12.96,78.53,1.92
2024-03-08,3.4903,14.59,77.82,2.47
2024-03-09,3.8777,15.61,75.79,2.87
2024-03-10,3.0446,13.46,78.15,3.78
2024-03-11,4.6092,12.65,79.67,4.36
2024-03-12,4.3462,13.18,75.02,5.18
2024-03-13,4.986,12.87,75.17,2.81
2024-03-14,4.9882,13.4,78.73,2.17
2024-03-15,5.1492,13.48,82.7,2.14
2024-03-16,4.98,14.39,84.78,3.5
2024-03-17,5.0678,15.09,80.26,3.09
2024-03-18,4.8043,16.6,65.41,1.56
2024-03-19,5.2694,15.34,77.9,2.64
2024-03-20,5.1238,15.33,81.28,1.78
2024-03-21,4.9186,16.32,81.16,3.52
2024-03-22,4.7062,15.23,86.0,2.42
2024-03-23,5.1835,15.05,81.04,1.67
2024-03-24,4.2041,16.18,69.65,2.1
2024-03-25,2.4718,17.92,64.91,2.72
2024-03-26,4.3531,17.13,77.24,3.27
2024-03-27,4.7897,13.99,72.38,5.71
2024-03-28,5.597,17.49,55.37,2.92
2024-03-29,5.6011,18.19,48.89,4.44
2024-03-30,5.063,18.15,71.2,2.71
2024-03-31,5.2135,20.04,58.43,2.19
2024-04-01,5.5944,17.58,64.79,4.25
2024-04-02,6.0242,16.36,78.53,2.45
2024-04-03,5.923,16.49,70.65,2.49
2024-04-04,6.9794,16.06,73.49,1.88
2024-04-05,7.0471,18.06,58.0,2.91
2024-04-06,6.6314,19.12,58.46,3.09
2024-04-07,6.8412,20.11,55.17,2.54
2024-04-08,6.1908,20.61,53.19,3.56
2024-04-09,4.9111,18.92,68.12,4.99
2024-04-10,6.2431,15.19,66.47,5.9
2024-04-11,5.2015,14.16,69.92,2.29
2024-04-12,3.3965,15.63,79.62,3.31
2024-04-13,4.751,17.49,79.55,2.47
2024-04-14,2.8925,18.02,75.68,2.54
2024-04-15,4.1618,18.35,74.91,3.06
2024-04-16,2.2181,17.06,77.99,4.36
2024-04-17,6.1356,15.79,67.91,6.42
2024-04-18,6.2239,15.43,65.36,4.67
2024-04-19,6.0312,14.49,62.17,6.2
2024-04-20,7.1587,14.96,63.52,3.21
2024-04-21,5.8649,15.08,65.68,3.13
2024-04-22,6.3235,14.94,64.02,2.9
2024-04-23,6.5659,14.63,61.06,4.07
2024-04-24,2.9506,13.13,67.13,5.08
2024-04-25,7.2494,15.29,60.29,2.9
2024-04-26,3.9103,16.98,64.44,2.46
2024-04-27,6.7306,17.73,65.66,4.37
2024-04-28,4.9838,17.55,73.87,3.75
2024-04-29,3.5407,18.5,76.67,3.58
2024-04-30,2.6393,17.5,86.83,3.2
2024-05-01,7.165,17.58,70.08,4.08
2024-05-02,5.9537,16.81,72.85,4.04
2024-05-03,7.2634,16.24,66.31,2.98
2024-05-04,7.813,17.14,52.11,2.01
2024-05-05,7.7534,19.44,55.86,2.95
2024-05-06,7.3882,22.47,58.1,2.24
2024-05-07,5.8418,20.13,72.13,2.43
2024-05-08,4.3982,16.34,76.65,5.08
2024-05-09,3.2148,16.41,81.54,4.59
2024-05-10,6.6494,18.28,76.86,3.63
2024-05-11,7.6385,19.93,63.96,1.89
2024-05-12,7.8154,21.18,62.93,2.77
2024-05-13,6.7234,22.31,71.44,2.14
2024-05-14,6.833,22.59,71.11,2.74
2024-05-15,6.3626,23.46,62.89,2.3
2024-05-16,6.978,20.72,69.56,3.86
2024-05-17,5.2781,22.36,63.58,3.23
2024-05-18,4.885,24.04,74.41,1.68
2024-05-19,5.9719,23.49,68.36,2.41
2024-05-20,6.282,22.01,75.62,3.63
2024-05-21,7.817,20.74,71.56,3.52
2024-05-22,7.5322,21.13,66.31,2.59
2024-05-23,7.1026,21.81,60.57,2.19
2024-05-24,7.1074,23.04,64.6,2.3
2024-05-25,7.35,22.89,64.62,2.0
2024-05-26,8.0971,22.15,63.19,1.64
2024-05-27,8.0518,23.37,52.57,2.59
2024-05-28,6.7099,24.57,55.88,3.22
2024-05-29,7.4405,21.74,69.77,5.06
2024-05-30,7.3908,22.72,65.85,3.27
2024-05-31,7.5924,23.35,61.43,2.6
2024-06-01,6.7246,22.76,65.19,2.18
2024-06-02,6.1272,21.47,73.86,2.9
2024-06-03,5.6086,21.54,64.29,3.31
2024-06-04,6.7735,21.85,67.48,2.33
2024-06-05,6.6182,22.18,66.01,2.85
2024-06-06,8.293,23.47,60.58,2.11
2024-06-07,8.1602,25.04,53.24,2.57
2024-06-08,7.6793,27.62,52.51,3.56
2024-06-09,3.2088,26.74,55.85,3.07
2024-06-10,7.0056,24.76,60.61,2.99
2024-06-11,7.5144,25.24,66.64,2.82
2024-06-12,5.3254,23.53,66.59,4.0
2024-06-13,7.1066,23.04,61.86,5.18
2024-06-14,8.8459,22.98,53.86,2.88
2024-06-15,7.0068,26.85,49.37,3.23
2024-06-16,4.1326,25.81,69.58,2.54
2024-06-17,7.8972,28.67,52.44,3.3
2024-06-18,5.7684,31.3,41.02,4.64
2024-06-19,4.4474,31.25,36.58,3.45
2024-06-20,6.7572,31.21,34.33,3.25
2024-06-21,7.3728,25.95,60.83,4.35
2024-06-22,7.657,24.43,62.96,5.46
2024-06-23,6.9026,23.65,66.41,4.04
2024-06-24,5.1612,24.08,62.14,2.8
2024-06-25,6.941,24.17,61.33,3.11
2024-06-26,8.131,24.93,59.32,2.74
2024-06-27,6.9768,27.88,55.37,4.3
2024-06-28,6.8981,28.41,52.84,3.49
2024-06-29,6.5914,29.14,50.66,2.88
2024-06-30,7.0416,29.23,55.43,2.3
2024-07-01,6.251,28.64,54.25,5.4
2024-07-02,7.488,24.99,62.41,7.95
2024-07-03,7.5751,24.22,61.8,6.6
2024-07-04,7.7981,24.29,60.47,6.51
2024-07-05,8.0746,25.6,56.23,3.03
2024-07-06,7.1407,29.59,50.01,5.8
2024-07-07,6.1939,29.17,57.11,2.17
2024-07-08,6.4507,29.33,55.42,2.49
2024-07-09,6.401,29.76,56.43,2.85
2024-07-10,7.5674,28.64,61.74,2.33
2024-07-11,7.573,28.72,58.11,2.38
2024-07-12,7.781,31.55,39.8,2.61
2024-07-13,7.6982,30.14,47.77,2.57
2024-07-14,6.7289,31.5,52.18,3.12
2024-07-15,7.5427,29.01,59.4,2.2
2024-07-16,7.5413,28.56,57.08,2.39
2024-07-17,7.4359,29.91,55.05,1.97
2024-07-18,7.5298,29.97,53.52,1.89
2024-07-19,7.5156,29.58,55.51,2.08
2024-07-20,7.4633,30.27,47.86,2.51
2024-07-21,7.1174,33.96,36.77,2.57
2024-07-22,7.146,27.55,61.35,7.78
2024-07-23,7.0562,27.44,60.56,6.56
2024-07-24,7.3356,27.01,61.9,5.94
2024-07-25,7.7028,27.66,59.76,4.92
2024-07-26,6.7402,28.43,54.07,2.33
2024-07-27,6.587,29.89,54.47,4.11
2024-07-28,6.5914,29.99,55.75,3.42
2024-07-29,7.2602,30.1,47.25,1.99
2024-07-30,7.5139,30.02,50.61,2.25
2024-07-31,7.2425,30.74,48.91,2.35
2024-08-01,7.2053,32.95,38.07,2.3
2024-08-02,7.1602,33.94,35.36,2.1
2024-08-03,5.8426,30.57,53.75,4.84
2024-08-04,6.9074,28.48,56.53,6.37
2024-08-05,6.8597,27.79,64.12,4.11
2024-08-06,6.7654,28.3,62.44,2.42
2024-08-07,6.4874,29.35,58.91,1.94
2024-08-08,7.0291,29.7,55.5,1.93
2024-08-09,6.9374,31.05,47.6,1.88
2024-08-10,7.0608,30.5,61.49,2.41
2024-08-11,6.9554,32.19,48.79,3.65
2024-08-12,6.6706,33.34,42.81,5.21
2024-08-13,6.4495,32.94,45.86,3.32
2024-08-14,6.378,32.51,49.08,2.62
2024-08-15,4.4748,31.66,49.74,3.22
2024-08-16,5.9424,30.94,54.72,3.11
2024-08-17,5.5183,28.36,64.4,3.32
2024-08-18,5.6112,27.88,67.26,4.09
2024-08-19,5.3866,27.94,58.9,4.02
2024-08-20,5.8999,27.02,62.78,5.33
2024-08-21,6.2117,27.05,65.23,5.51
2024-08-22,6.121,26.62,62.97,4.5
2024-08-23,6.2578,26.83,63.81,2.1
2024-08-24,6.2578,29.16,55.13,2.84
2024-08-25,6.6895,29.28,55.69,2.32
2024-08-26,5.4862,27.85,66.61,2.67
2024-08-27,6.1435,27.78,63.66,3.43
2024-08-28,4.5996,27.07,58.73,1.89
2024-08-29,5.5759,27.48,56.93,2.03
2024-08-30,5.6081,28.07,61.14,2.79
2024-08-31,5.9714,29.14,60.68,2.75
2024-09-01,5.7624,29.89,58.8,3.25
2024-09-02,5.4922,30.69,54.6,2.47
2024-09-03,5.7245,30.9,58.63,2.26
2024-09-04,5.4065,29.55,66.75,1.88
2024-09-05,4.8576,26.96,70.7,3.57
2024-09-06,5.8368,30.83,57.69,3.09
2024-09-07,5.6998,31.83,48.88,3.46
2024-09-08,3.8878,30.83,56.38,3.57
2024-09-09,5.6129,26.37,71.16,6.26
2024-09-10,5.8781,24.76,64.55,7.81
2024-09-11,5.5025,24.26,68.09,5.1
2024-09-12,5.8625,24.76,69.12,3.56
2024-09-13,3.8155,23.21,62.78,5.99
2024-09-14,5.9047,21.33,55.66,6.84
2024-09-15,4.4652,21.79,60.02,5.49
2024-09-16,5.226,22.37,61.44,4.44
2024-09-17,4.7875,22.75,64.84,4.12
2024-09-18,4.0702,23.34,65.86,1.62
2024-09-19,4.1866,23.49,70.23,1.75
2024-09-20,4.4851,23.65,71.96,1.87
2024-09-21,4.3766,24.76,72.02,2.63
2024-09-22,4.2132,26.2,68.02,2.47
2024-09-23,1.9946,24.23,78.82,1.91
2024-09-24,5.0758,24.74,68.97,2.13
2024-09-25,3.2681,24.85,69.67,2.14
2024-09-26,5.537,26.35,62.38,1.95
2024-09-27,5.3964,26.93,59.85,2.04
2024-09-28,3.9871,24.16,69.78,4.76
2024-09-29,5.6652,21.34,60.29,4.07
2024-09-30,5.5435,21.55,59.23,1.83
2024-10-01,5.304,23.78,63.76,2.84
2024-10-02,4.4402,24.24,68.92,2.81
2024-10-03,3.0965,23.73,72.15,4.18
2024-10-04,4.6884,21.87,58.51,3.31
2024-10-05,4.0963,21.12,64.97,2.15
2024-10-06,4.5852,21.76,62.76,1.86
2024-10-07,4.177,24.05,63.17,3.95
2024-10-08,2.9983,24.39,65.42,3.98
2024-10-09,4.4779,24.5,68.25,2.21
2024-10-10,4.0394,25.46,63.64,4.2
2024-10-11,3.4214,22.88,65.61,2.73
2024-10-12,4.4719,23.24,62.45,1.82
2024-10-13,4.2622,25.05,62.95,2.27
2024-10-14,4.2782,26.33,60.79,1.94
2024-10-15,4.1544,26.44,57.63,3.69
2024-10-16,2.7622,25.71,60.6,5.15
2024-10-17,2.5291,25.37,69.62,3.97
2024-10-18,1.4496,21.57,78.41,3.94
2024-10-19,3.6298,18.9,79.67,5.03
2024-10-20,3.7793,20.03,75.04,3.55
2024-10-21,3.5851,20.28,76.83,1.59
2024-10-22,1.1424,19.36,89.27,1.73
2024-10-23,2.8085,21.29,88.79,1.84
2024-10-24,2.8445,21.57,86.22,3.64
2024-10-25,3.3334,21.24,80.78,4.09
2024-10-26,2.8385,21.31,80.96,4.28
2024-10-27,2.6081,21.29,86.59,3.21
2024-10-28,3.0233,22.05,84.21,4.61
2024-10-29,3.1946,21.62,86.42,3.66
2024-10-30,3.3886,21.72,85.97,2.75
2024-10-31,3.4193,22.02,82.55,3.8
2024-11-01,3.1874,21.56,81.18,4.2
2024-11-02,3.3634,20.9,79.69,3.15
2024-11-03,2.8613,20.41,77.77,2.23
2024-11-04,3.4843,20.22,78.22,1.82
2024-11-05,3.2837,20.76,81.73,2.19
2024-11-06,3.1774,20.1,84.92,2.04
2024-11-07,2.9462,20.01,82.14,2.79
2024-11-08,3.037,19.43,77.57,1.79
2024-11-09,2.9184,19.56,75.55,1.21
2024-11-10,2.2697,18.44,83.45,1.72
2024-11-11,2.7358,17.35,82.26,1.4
2024-11-12,2.982,16.7,82.92,2.4
2024-11-13,3.1085,17.28,75.96,1.81
2024-11-14,2.9957,18.01,73.45,1.37
2024-11-15,2.4475,17.15,81.63,2.51
2024-11-16,3.2618,15.78,65.73,1.32
2024-11-17,3.1632,16.78,73.23,1.7
2024-11-18,2.7038,17.76,86.81,2.87
2024-11-19,3.1954,17.35,83.67,1.94
2024-11-20,3.0478,18.63,82.51,5.08
2024-11-21,1.986,18.33,77.57,4.08
2024-11-22,2.5915,16.76,74.16,5.6
2024-11-23,3.1181,14.87,63.03,3.21
2024-11-24,3.1781,14.74,71.1,3.71
2024-11-25,2.9602,15.62,72.54,3.74
2024-11-26,3.0696,15.34,70.46,2.36
2024-11-27,2.399,16.94,68.72,1.5
2024-11-28,2.4907,16.8,77.39,1.78
2024-11-29,2.3304,16.88,81.31,3.61
2024-11-30,2.4559,15.72,71.34,4.53
2024-12-01,2.2598,13.61,71.13,3.32
2024-12-02,2.5874,15.51,75.98,3.74
2024-12-03,2.3671,16.77,82.94,4.29
2024-12-04,1.6874,14.24,86.62,2.28
2024-12-05,2.0074,14.57,66.7,7.05
2024-12-06,2.6167,15.16,70.36,5.74
2024-12-07,2.3254,16.75,73.29,6.62
2024-12-08,2.2219,13.57,72.63,6.57
2024-12-09,2.7494,11.93,79.4,4.47
2024-12-10,2.9606,11.04,78.93,4.13
2024-12-11,2.8766,11.23,72.83,1.88
2024-12-12,1.8161,15.05,89.61,2.84
2024-12-13,2.5433,14.21,85.31,2.35
2024-12-14,2.8973,13.18,79.66,2.58
2024-12-15,1.6162,13.68,74.81,4.97
2024-12-16,2.2428,13.54,72.71,3.55
2024-12-17,2.4847,12.78,76.62,2.23
2024-12-18,2.8776,11.26,78.65,1.93
2024-12-19,2.5702,13.16,75.01,2.98
2024-12-20,1.8043,13.57,67.41,7.77
2024-12-21,1.7153,12.91,69.26,6.11
2024-12-22,1.6723,13.83,78.04,5.89
2024-12-23,2.111,12.25,63.35,8.81
2024-12-24,2.3316,11.89,62.86,7.08
2024-12-25,1.6315,11.41,66.98,5.32
2024-12-26,1.9272,11.49,78.41,3.36
2024-12-27,1.4282,11.81,84.79,2.33
2024-12-28,2.3666,12.15,82.71,3.07
2024-12-29,2.4086,12.69,84.97,2.69
2024-12-30,2.5788,11.22,82.96,1.53
2024-12-31,2.3131,11.12,86.23,1.97
2025-01-01,2.1862,12.17,88.27,2.42
2025-01-02,1.7357,12.68,88.72,1.91
2025-01-03,2.9054,12.92,84.29,3.02
2025-01-04,2.0026,13.69,86.23,3.81
2025-01-05,3.0041,13.01,72.11,2.66
2025-01-06,2.5205,12.6,64.55,2.86
2025-01-07,2.9033,12.32,79.79,4.91
2025-01-08,3.1152,12.58,70.52,3.21
2025-01-09,2.7866,12.5,70.99,3.83
2025-01-10,3.0029,14.74,88.45,4.36
2025-01-11,3.0593,14.38,83.1,4.66
2025-01-12,1.6178,13.01,76.29,5.6
2025-01-13,1.8329,10.54,77.9,3.92
2025-01-14,1.4599,11.15,83.02,4.27
2025-01-15,2.4182,10.6,77.41,2.86
2025-01-16,2.7799,10.07,79.86,1.48
2025-01-17,1.1746,11.2,92.28,2.93
2025-01-18,1.5958,9.96,84.82,2.64
2025-01-19,2.8301,11.64,82.92,2.55
2025-01-20,3.175,11.83,81.35,2.87
2025-01-21,3.0038,11.13,68.19,1.73
2025-01-22,2.9784,13.04,71.7,2.05
2025-01-23,3.0994,13.54,67.64,3.11
2025-01-24,3.2981,13.34,81.67,2.97
2025-01-25,2.821,12.96,79.19,2.13
2025-01-26,3.1428,13.61,78.62,2.83
2025-01-27,2.7818,13.73,65.97,2.7
2025-01-28,3.2818,13.93,73.84,3.97
2025-01-29,3.2246,12.22,82.02,4.26
2025-01-30,3.4865,10.74,76.33,2.35
2025-01-31,3.6607,12.87,72.06,2.1
2025-02-01,1.5355,12.25,93.63,1.95
2025-02-02,2.8728,11.7,84.3,5.11
2025-02-03,2.0808,10.98,90.87,3.75
2025-02-04,3.3866,12.03,86.93,1.69
2025-02-05,3.1361,11.62,85.79,2.27
2025-02-06,2.8728,12.02,79.42,1.02
2025-02-07,1.3426,11.02,83.51,1.2
2025-02-08,2.3506,11.76,83.85,1.25
2025-02-09,2.9263,11.34,83.12,4.79
2025-02-10,2.479,11.94,85.16,2.1
2025-02-11,2.6294,12.37,86.82,3.5
2025-02-12,4.1093,12.8,78.16,2.49
2025-02-13,3.4771,12.64,79.87,1.74
2025-02-14,3.283,13.46,84.76,4.25
2025-02-15,3.179,12.29,78.72,5.47
2025-02-16,4.3766,12.02,78.13,1.99
2025-02-17,3.7682,11.89,80.55,2.29
2025-02-18,4.2499,13.1,84.31,1.79
2025-02-19,4.3402,12.33,79.62,2.61
2025-02-20,4.2017,13.29,77.51,2.18
2025-02-21,3.7762,13.94,83.45,1.72
2025-02-22,4.2797,13.59,78.53,3.93
2025-02-23,4.4837,13.5,78.21,4.34
2025-02-24,4.055,13.32,80.46,1.64
2025-02-25,4.2979,14.1,79.18,1.68
2025-02-26,1.5456,12.16,78.99,4.38
2025-02-27,4.4758,12.81,74.32,4.46
2025-02-28,4.0404,12.97,75.53,2.13
2025-03-01,3.6878,14.45,69.55,3.43
2025-03-02,1.6075,14.7,88.0,2.97
2025-03-03,4.3289,14.53,82.22,1.84
2025-03-04,4.3889,14.13,83.78,3.0
2025-03-05,3.9235,13.7,83.89,4.19
2025-03-06,1.2883,13.59,87.37,4.98
2025-03-07,2.2918,13.97,88.84,3.4
2025-03-08,4.3464,14.84,84.75,2.33
2025-03-09,4.476,16.02,75.67,4.6
2025-03-10,4.3286,16.39,80.8,1.35
2025-03-11,4.8324,16.38,79.05,1.8
2025-03-12,3.1848,14.43,85.11,3.08
2025-03-13,4.7059,16.19,71.35,2.94
2025-03-14,3.9919,16.66,79.91,1.79
2025-03-15,4.591,15.34,82.76,2.89
2025-03-16,5.1096,13.84,73.14,2.64
2025-03-17,5.5164,14.75,78.52,2.53
2025-03-18,5.2102,15.36,82.17,2.1
2025-03-19,4.0457,15.7,83.15,4.29
2025-03-20,5.1866,15.48,76.05,5.77
2025-03-21,4.957,16.46,77.51,5.98
2025-03-22,4.7136,16.82,83.68,2.66
2025-03-23,5.1374,16.02,78.75,3.63
2025-03-24,5.2025,16.16,75.84,2.04
2025-03-25,4.1976,14.5,75.24,3.29
2025-03-26,5.0378,14.39,75.79,4.88
2025-03-27,4.2665,14.35,75.38,6.11
2025-03-28,4.985,14.27,73.65,5.58
2025-03-29,4.0118,13.6,76.35,6.05
2025-03-30,4.5502,12.63,83.79,4.16
2025-03-31,3.8054,14.26,81.07,6.06
2025-04-01,5.8277,13.96,69.4,4.87
2025-04-02,6.1008,14.35,64.72,1.93
2025-04-03,5.8908,15.29,73.87,2.92
2025-04-04,5.8783,16.37,76.37,3.88
2025-04-05,5.0866,16.2,82.47,2.85
2025-04-06,5.004,15.39,82.05,3.13
2025-04-07,5.6875,15.12,78.15,2.62
2025-04-08,5.7055,15.29,69.56,1.59
2025-04-09,5.8558,15.99,76.62,3.21
2025-04-10,4.8955,16.19,83.83,2.94
2025-04-11,6.7265,16.43,69.29,2.83
2025-04-12,5.0086,18.12,82.08,2.29
2025-04-13,2.8985,18.93,77.7,5.33
2025-04-14,1.9207,18.19,81.2,2.72
2025-04-15,5.9095,18.07,76.15,1.89
2025-04-16,3.1478,14.49,86.69,3.02
2025-04-17,6.4001,14.95,73.31,5.1
2025-04-18,6.8659,16.58,75.27,2.38
2025-04-19,6.7135,19.41,66.72,2.66
2025-04-20,6.3226,18.75,74.22,1.66
2025-04-21,1.7832,14.27,88.56,4.43
2025-04-22,6.103,16.24,75.94,4.17
2025-04-23,6.8119,15.98,77.36,4.43
2025-04-24,7.0356,17.02,78.05,4.59
2025-04-25,7.1182,17.26,75.25,3.63
2025-04-26,6.252,16.51,76.37,2.81
2025-04-27,6.2422,16.82,75.32,1.48
2025-04-28,5.2937,16.3,78.04,1.81
2025-04-29,6.7618,16.99,75.58,1.64
2025-04-30,7.0721,18.09,67.12,2.8
2025-05-01,7.8943,19.24,65.23,2.83
2025-05-02,7.6068,20.37,67.06,3.8
2025-05-03,7.067,22.48,65.44,3.88
2025-05-04,2.0995,20.86,74.96,1.85
2025-05-05,5.9285,20.25,69.94,1.94
2025-05-06,5.639,19.51,71.52,2.26
2025-05-07,6.7452,19.29,74.48,1.69
2025-05-08,4.9798,19.55,81.61,2.15
2025-05-09,6.563,19.05,83.18,1.7
2025-05-10,6.9742,20.25,76.15,2.51
2025-05-11,5.5387,19.79,80.77,2.7
2025-05-12,7.1112,19.72,78.5,3.46
2025-05-13,7.7806,19.75,71.2,2.28
2025-05-14,5.6846,19.63,73.04,2.99
2025-05-15,4.2499,18.3,85.56,4.55
2025-05-16,4.8305,18.52,81.69,5.38
2025-05-17,7.4239,19.52,70.83,3.43
2025-05-18,7.224,22.09,60.57,1.54
2025-05-19,7.9152,23.79,63.26,1.77
2025-05-20,5.9947,23.02,65.06,3.02
2025-05-21,7.8365,20.29,72.78,3.51
2025-05-22,5.4713,21.55,68.87,1.38
2025-05-23,7.3015,19.57,67.41,4.86
2025-05-24,3.3826,18.67,71.18,4.11
2025-05-25,7.9675,19.6,72.29,5.41
2025-05-26,8.3962,20.41,66.71,3.05
2025-05-27,8.0698,21.24,65.36,3.53
2025-05-28,7.8175,20.62,69.08,4.82
2025-05-29,8.1139,21.72,69.06,6.51
2025-05-30,8.1151,21.86,70.29,2.4
2025-05-31,8.3462,22.37,64.9,2.16
2025-06-01,8.2397,23.46,59.5,2.0
2025-06-02,8.3489,23.34,53.93,5.05
2025-06-03,7.3579,24.68,60.94,4.71
2025-06-04,7.9858,26.09,60.69,2.59
2025-06-05,7.2019,26.78,58.63,1.51
2025-06-06,7.5883,27.45,48.49,2.99
2025-06-07,7.4674,29.25,40.17,3.17
2025-06-08,7.6339,26.9,52.74,2.24
2025-06-09,8.2289,25.43,60.6,2.87
2025-06-10,7.2029,24.6,63.32,3.46
2025-06-11,7.4827,23.7,72.78,2.36
2025-06-12,7.409,24.66,64.63,1.73
2025-06-13,8.0587,26.3,56.28,2.56
2025-06-14,7.8317,26.78,47.91,1.78
2025-06-15,7.4364,28.03,44.85,1.47
2025-06-16,7.6572,28.51,45.03,2.39
2025-06-17,7.9142,26.93,59.62,4.32
2025-06-18,7.3008,25.16,69.59,4.09
2025-06-19,5.1067,24.16,74.03,3.66
2025-06-20,6.7812,25.45,69.46,3.41
2025-06-21,7.6488,26.39,66.23,2.76
2025-06-22,7.5571,27.47,54.11,1.96
2025-06-23,7.3073,28.16,52.65,1.97
2025-06-24,7.4794,28.89,52.38,1.61
2025-06-25,8.1734,30.61,44.25,2.58
2025-06-26,8.1401,30.32,51.06,2.19
2025-06-27,7.4472,28.06,69.16,4.4
2025-06-28,7.0001,27.17,68.71,5.6
2025-06-29,6.9732,27.84,69.19,3.85
2025-06-30,7.3138,27.85,66.42,2.37
2025-07-01,8.3695,29.02,55.02,1.77
2025-07-02,8.0832,30.19,48.02,2.3
2025-07-03,7.4887,29.66,61.1,1.8
2025-07-04,7.1326,28.94,61.44,1.92
2025-07-05,7.3685,29.54,58.71,1.72
2025-07-06,7.4777,30.64,54.05,1.32
2025-07-07,7.5019,31.53,50.62,1.54
2025-07-08,7.3826,29.41,57.29,4.03
2025-07-09,7.9493,27.12,51.79,5.12
2025-07-10,7.8451,25.71,55.33,3.58
2025-07-11,7.5413,26.88,50.68,2.24
2025-07-12,7.2221,29.26,52.1,4.28
2025-07-13,7.1299,31.76,48.2,3.12
2025-07-14,7.1386,28.92,61.24,2.42
2025-07-15,7.4582,29.09,54.48,1.73
2025-07-16,7.6786,28.86,59.04,5.4
2025-07-17,7.9898,28.21,59.68,6.96
2025-07-18,7.7486,28.15,63.13,3.9
2025-07-19,7.9543,31.02,50.04,3.77
2025-07-20,7.5365,31.08,47.54,2.52
2025-07-21,6.2863,32.98,42.03,3.5
2025-07-22,7.6313,29.2,53.0,3.84
2025-07-23,7.5074,31.29,48.54,2.14
2025-07-24,5.7818,33.74,46.35,2.86
2025-07-25,6.2498,29.41,66.16,4.46
2025-07-26,6.606,25.88,67.08,5.72
2025-07-27,7.0985,25.73,64.38,6.13
2025-07-28,7.0913,25.88,65.45,5.52
2025-07-29,7.1302,24.84,63.97,6.35
2025-07-30,7.0392,24.65,66.21,5.27
2025-07-31,7.2401,24.27,66.7,4.3
2025-08-01,7.0531,25.43,62.88,1.95
2025-08-02,7.0999,26.41,61.95,2.09
2025-08-03,6.9432,26.04,65.25,3.46
2025-08-04,7.4417,24.68,63.14,4.08
2025-08-05,7.1237,24.48,68.56,3.5
2025-08-06,7.4741,26.13,67.88,2.82
2025-08-07,7.4309,27.4,57.85,1.86
2025-08-08,7.3759,27.24,58.92,2.08
2025-08-09,6.7766,27.95,58.02,2.23
2025-08-10,6.6494,28.46,54.16,1.83
2025-08-11,6.8383,27.39,63.93,3.01
2025-08-12,6.7015,27.29,64.47,3.95
2025-08-13,6.3958,27.12,72.46,2.45
2025-08-14,6.5398,27.59,63.04,1.62
2025-08-15,6.3794,27.57,60.47,2.55
2025-08-16,5.5685,27.07,73.15,3.5
2025-08-17,5.9359,27.94,69.82,4.39
2025-08-18,5.953,27.38,68.98,2.58
2025-08-19,6.6118,29.31,58.05,2.78
2025-08-20,5.8558,30.26,54.23,4.12
2025-08-21,5.9366,27.51,72.25,3.26
2025-08-22,6.2616,27.03,64.97,3.23
2025-08-23,6.0094,26.54,60.42,3.27
2025-08-24,6.1294,26.77,59.78,2.73
2025-08-25,6.6398,28.28,54.51,2.11
2025-08-26,5.6722,30.26,51.2,2.54
2025-08-27,6.3977,32.14,49.78,3.89
2025-08-28,5.8404,30.33,58.82,3.35
2025-08-29,4.7282,28.56,64.14,3.15
2025-08-30,5.7768,26.8,63.68,4.37
2025-08-31,6.5657,27.83,51.39,2.16
2025-09-01,5.9465,30.29,50.0,2.99
2025-09-02,3.7121,26.72,67.33,3.52
2025-09-03,5.4602,25.48,56.76,2.93
2025-09-04,6.6814,26.17,57.03,2.54
2025-09-05,6.5182,26.52,54.5,2.05
2025-09-06,5.6832,27.37,56.02,2.53
2025-09-07,5.0854,28.58,59.65,1.83
2025-09-08,4.8907,30.53,49.04,1.77
2025-09-09,4.3985,31.05,47.35,2.51
2025-09-10,3.6098,25.82,72.02,3.38
2025-09-11,5.4238,25.59,67.47,3.98
2025-09-12,5.8066,25.38,65.53,3.59
2025-09-13,5.9162,25.47,59.56,2.08
2025-09-14,5.6923,26.44,59.3,2.39
2025-09-15,6.0538,26.33,65.53,2.2
2025-09-16,6.0614,27.2,55.4,1.85
2025-09-17,5.0635,26.16,71.13,4.51
2025-09-18,5.3338,25.38,70.66,3.27
2025-09-19,4.8038,26.52,66.67,1.75
2025-09-20,4.9531,26.91,63.57,3.71
2025-09-21,4.8586,26.53,63.96,4.88
2025-09-22,4.5485,26.02,69.5,3.23
2025-09-23,4.0469,24.79,73.87,1.61
2025-09-24,4.4695,22.96,77.02,3.43
2025-09-25,3.7656,23.02,64.67,2.38
2025-09-26,3.0,23.4,76.24,1.71
2025-09-27,3.257,22.37,75.77,2.76
2025-09-28,4.8845,22.47,67.41,2.76
2025-09-29,4.908,22.48,63.98,1.75
2025-09-30,3.6206,23.81,65.32,1.79
2025-10-01,4.2694,22.9,71.66,4.59
2025-10-02,4.1837,21.18,64.79,4.93
2025-10-03,4.6589,20.09,61.28,3.99
2025-10-04,3.8621,21.16,66.77,2.31
2025-10-05,4.9788,21.87,69.27,3.78
2025-10-06,4.2643,20.76,61.41,5.25
2025-10-07,3.4764,20.06,68.03,2.64
2025-10-08,5.095,20.44,66.14,1.71
2025-10-09,4.428,21.08,65.2,1.28
2025-10-10,4.523,22.36,73.7,1.66
2025-10-11,4.4285,22.35,76.7,2.25
2025-10-12,3.1548,22.22,71.16,2.2
2025-10-13,4.4587,22.93,66.01,2.45
2025-10-14,3.5676,23.52,62.65,2.83
2025-10-15,3.8568,22.92,70.96,2.14
2025-10-16,3.7706,20.79,78.39,3.48
2025-10-17,4.2223,20.69,70.96,2.06
2025-10-18,1.1556,19.32,79.12,1.88
2025-10-19,2.4396,19.99,68.05,1.68
2025-10-20,4.2101,20.65,65.07,1.82
2025-10-21,4.0783,21.5,67.18,3.17
2025-10-22,3.39,21.66,82.58,3.62
2025-10-23,4.0812,22.99,73.9,5.32
2025-10-24,3.697,21.31,74.51,2.59
2025-10-25,4.2475,22.95,64.94,1.61
2025-10-26,4.1309,22.17,60.97,3.35
2025-10-27,3.6991,19.41,64.31,6.15
2025-10-28,3.7908,19.87,67.44,3.77
2025-10-29,3.9946,19.74,64.02,3.98
2025-10-30,2.1,19.32,74.2,2.33
2025-10-31,3.5681,20.16,79.57,4.3
2025-11-01,3.5671,19.07,79.57,1.75
2025-11-02,3.9293,19.54,73.76,2.05
2025-11-03,2.8673,19.76,75.23,4.5
2025-11-04,3.4421,18.09,72.47,3.14
2025-11-05,3.4723,17.29,72.24,1.59
2025-11-06,3.301,18.61,75.24,2.21
2025-11-07,2.07,18.31,74.27,4.12
2025-11-08,2.8447,17.77,70.8,2.7
2025-11-09,2.5313,16.6,82.57,4.3
2025-11-10,3.1212,18.11,70.81,3.7
2025-11-11,3.378,16.41,73.17,1.48
2025-11-12,3.7154,17.03,71.81,3.19
2025-11-13,3.6701,16.94,61.47,4.41
2025-11-14,3.3898,17.65,54.97,3.38
2025-11-15,3.3442,18.77,57.52,2.4
2025-11-16,3.0809,18.39,64.78,2.35
2025-11-17,2.4336,18.24,84.62,1.97
2025-11-18,1.9939,17.36,78.82,3.44
2025-11-19,2.9767,15.59,72.07,3.41
2025-11-20,3.0406,15.01,75.8,3.03
2025-11-21,2.6921,13.93,73.41,5.29
2025-11-22,2.6539,11.09,67.82,7.36
2025-11-23,3.035,12.44,67.14,4.16
2025-11-24,2.2783,11.23,58.07,2.65
2025-11-25,2.6954,14.2,66.5,4.95
2025-11-26,2.1982,12.33,77.39,4.61
2025-11-27,2.2195,11.64,76.86,4.95
2025-11-28,1.5374,12.47,77.64,5.07
2025-11-29,2.0602,13.28,76.95,3.58
2025-11-30,2.9345,12.24,68.1,2.2
2025-12-01,2.8178,12.57,62.02,1.49
2025-12-02,2.9335,12.51,84.78,1.98
2025-12-03,3.0199,13.21,74.78,1.99
2025-12-04,2.3633,13.65,73.93,6.01
2025-12-05,2.0026,12.85,76.93,6.95
2025-12-06,2.7463,14.33,73.23,6.22
2025-12-07,2.3345,15.66,88.14,5.09
2025-12-08,2.8298,15.58,89.32,3.38
2025-12-09,2.682,14.03,82.55,1.58
2025-12-10,2.7187,13.44,86.89,1.98
2025-12-11,2.5757,13.72,85.49,1.51
2025-12-12,2.4322,13.29,86.63,2.1
2025-12-13,2.4065,14.06,87.78,1.69
2025-12-14,2.1682,14.19,86.98,2.41
2025-12-15,1.0558,15.33,89.63,4.59
2025-12-16,2.2426,14.69,79.3,3.17
2025-12-17,1.9486,13.23,86.17,2.79
2025-12-18,1.811,16.29,89.13,3.43
2025-12-19,0.6571,15.16,90.94,3.4
2025-12-20,1.7016,12.87,87.92,1.23
2025-12-21,1.7669,13.78,87.84,2.47
2025-12-22,2.4996,13.14,73.49,2.74
2025-12-23,2.6882,10.37,75.14,3.48
2025-12-24,2.6542,10.05,71.66,3.02
2025-12-25,2.3748,11.99,68.46,2.61
2025-12-26,1.8792,12.68,78.71,3.51
2025-12-27,1.9481,13.77,87.3,2.35
2025-12-28,2.7406,13.01,82.28,1.11
2025-12-29,2.5138,11.91,69.03,1.98
2025-12-30,2.6318,12.15,82.27,4.32
2025-12-31,2.5135,11.85,87.19,2.61
